session_date,year,split,dow,direction,entry,stop,target,risk,exit_price,pnl_pts,pnl_R,exit_reason,ambiguous,minutes_held,mae,mfe,hypothesis
2010-07-19,2010,IS,0,-1,1799.5,1804.5,1792.0,5.0,1804.5,-6.5,-1.3,stop,False,7,5.0,1.5,C_PDL_accept
2010-08-02,2010,IS,0,1,1890.25,1885.25,1897.75,5.0,1897.75,6.0,1.2,target,False,4,0.5,7.75,C_PDL_accept
2010-08-23,2010,IS,0,1,1836.0,1831.0,1843.5,5.0,1831.0,-6.5,-1.3,stop,False,34,6.0,6.75,C_PDL_accept
2010-09-07,2010,IS,1,-1,1863.0,1868.0,1855.5,5.0,1860.0,1.5,0.3,time,False,60,0.75,7.25,C_PDL_accept
2010-11-29,2010,IS,0,-1,2130.5,2136.5,2121.5,6.0,2121.5,7.5,1.25,target,False,1,0.0,9.0,C_PDL_accept
2011-01-10,2011,IS,0,1,2271.5,2266.5,2279.0,5.0,2266.5,-6.5,-1.3,stop,False,17,5.5,3.75,C_PDL_accept
2011-02-21,2011,IS,0,-1,2372.0,2377.0,2364.5,5.0,2364.5,6.0,1.2,target,False,7,1.25,8.25,C_PDL_accept
2011-06-10,2011,IS,4,-1,2242.75,2247.75,2235.25,5.0,2235.25,6.0,1.2,target,False,30,4.25,7.5,C_PDL_accept
2012-06-25,2012,IS,0,-1,2546.75,2551.75,2539.25,5.0,2551.75,-6.5,-1.3,stop,False,10,5.5,3.25,C_PDL_accept
2012-07-23,2012,IS,0,-1,2552.0,2562.3125,2536.53125,10.3125,2553.0,-2.5,-0.24242424242424243,time,False,60,3.0,8.75,C_PDL_accept
2012-08-23,2012,IS,3,-1,2755.0,2760.3125,2747.03125,5.3125,2760.3125,-6.8125,-1.2823529411764707,stop,False,9,6.25,0.0,C_PDL_accept
2012-08-24,2012,IS,4,-1,2751.5,2756.5,2744.0,5.0,2756.5,-6.5,-1.3,stop,False,11,5.25,1.0,C_PDL_accept
2012-08-28,2012,IS,1,-1,2774.75,2779.75,2767.25,5.0,2779.75,-6.5,-1.3,stop,False,11,5.5,3.75,C_PDL_accept
2012-09-04,2012,IS,1,-1,2757.0,2762.0,2749.5,5.0,2749.5,6.0,1.2,target,False,43,4.25,11.75,C_PDL_accept
2012-09-10,2012,IS,0,-1,2813.25,2818.25,2805.75,5.0,2818.25,-6.5,-1.3,stop,False,8,6.25,0.75,C_PDL_accept
2012-09-14,2012,IS,4,1,2844.5,2839.5,2852.0,5.0,2852.0,6.0,1.2,target,False,25,1.5,8.75,C_PDL_accept
2012-10-04,2012,IS,3,1,2820.75,2815.75,2828.25,5.0,2815.75,-6.5,-1.3,stop,False,58,5.5,5.75,C_PDL_accept
2012-10-19,2012,IS,4,-1,2723.75,2728.75,2716.25,5.0,2716.25,6.0,1.2,target,False,8,1.75,9.25,C_PDL_accept
2012-11-01,2012,IS,3,1,2681.0,2674.6875,2690.46875,6.3125,2674.6875,-7.8125,-1.2376237623762376,stop,False,24,6.5,0.0,C_PDL_accept
2012-12-19,2012,IS,2,1,2709.5,2704.5,2717.0,5.0,2704.5,-6.5,-1.3,stop,False,6,6.25,0.25,C_PDL_accept
2012-12-20,2012,IS,3,-1,2685.0,2690.0,2677.5,5.0,2690.0,-6.5,-1.3,stop,False,28,5.5,6.75,C_PDL_accept
2012-12-26,2012,IS,2,-1,2645.0,2650.0,2637.5,5.0,2637.5,6.0,1.2,target,False,19,1.0,8.0,C_PDL_accept
2013-01-14,2013,IS,0,-1,2727.25,2732.75,2719.0,5.5,2725.0,0.75,0.13636363636363635,time,False,60,0.75,8.0,C_PDL_accept
2013-01-29,2013,IS,1,-1,2723.25,2728.25,2715.75,5.0,2728.25,-6.5,-1.3,stop,False,40,5.25,7.0,C_PDL_accept
2013-02-13,2013,IS,2,1,2779.5,2774.5,2787.0,5.0,2777.75,-3.25,-0.65,time,False,60,4.25,2.25,C_PDL_accept
2013-03-15,2013,IS,4,-1,2790.75,2795.75,2783.25,5.0,2792.0,-2.75,-0.55,time,False,60,3.75,3.5,C_PDL_accept
2013-03-19,2013,IS,1,1,2799.25,2794.25,2806.75,5.0,2794.25,-6.5,-1.3,stop,False,7,5.0,0.5,C_PDL_accept
2013-03-21,2013,IS,3,-1,2769.0,2774.0,2761.5,5.0,2774.0,-6.5,-1.3,stop,False,17,5.25,1.5,C_PDL_accept
2013-04-09,2013,IS,1,1,2782.25,2777.25,2789.75,5.0,2780.25,-3.5,-0.7,time,False,60,2.75,6.5,C_PDL_accept
2013-04-18,2013,IS,3,-1,2750.0,2755.0,2742.5,5.0,2742.5,6.0,1.2,target,False,2,0.0,8.5,C_PDL_accept
2013-04-22,2013,IS,0,1,2785.0,2780.0,2792.5,5.0,2780.0,-6.5,-1.3,stop,False,17,5.25,6.5,C_PDL_accept
2013-04-25,2013,IS,3,1,2846.75,2841.75,2854.25,5.0,2841.75,-6.5,-1.3,stop,False,6,6.75,0.0,C_PDL_accept
2013-04-29,2013,IS,0,1,2850.25,2845.25,2857.75,5.0,2857.75,6.0,1.2,target,False,30,0.5,7.75,C_PDL_accept
2013-05-07,2013,IS,1,1,2955.75,2950.75,2963.25,5.0,2950.75,-6.5,-1.3,stop,False,11,5.0,0.25,C_PDL_accept
2013-05-16,2013,IS,3,1,3007.0,3002.0,3014.5,5.0,3014.5,6.0,1.2,target,False,24,2.75,7.5,C_PDL_accept
2013-05-22,2013,IS,2,1,3039.25,3034.25,3046.75,5.0,3046.75,6.0,1.2,target,False,11,0.25,8.75,C_PDL_accept
2013-05-29,2013,IS,2,-1,2994.0,3000.375,2984.4375,6.375,3000.375,-7.875,-1.2352941176470589,stop,False,23,7.25,5.0,C_PDL_accept
2013-06-03,2013,IS,0,-1,2970.25,2975.75,2962.0,5.5,2975.75,-7.0,-1.2727272727272727,stop,False,5,7.75,0.75,C_PDL_accept
2013-06-04,2013,IS,1,1,2997.75,2992.75,3005.25,5.0,3005.25,6.0,1.2,target,False,56,2.25,8.75,C_PDL_accept
2013-06-13,2013,IS,3,-1,2916.5,2923.6875,2905.71875,7.1875,2923.6875,-8.6875,-1.208695652173913,stop,False,7,7.5,3.0,C_PDL_accept
2013-06-17,2013,IS,0,1,2972.25,2966.75,2980.5,5.5,2975.0,1.25,0.22727272727272727,time,False,60,3.0,7.75,C_PDL_accept
2013-06-18,2013,IS,1,1,2987.0,2982.0,2994.5,5.0,2994.5,6.0,1.2,target,False,54,0.5,8.25,C_PDL_accept
2013-06-24,2013,IS,0,-1,2841.5,2847.25,2832.875,5.75,2832.875,7.125,1.2391304347826086,target,False,5,2.0,9.25,C_PDL_accept
2013-07-05,2013,IS,4,1,2953.25,2947.25,2962.25,6.0,2947.25,-7.5,-1.25,stop,False,10,6.0,3.5,C_PDL_accept
2013-07-12,2013,IS,4,1,3059.75,3054.75,3067.25,5.0,3054.75,-6.5,-1.3,stop,False,18,5.25,0.5,C_PDL_accept
2013-07-15,2013,IS,0,1,3072.5,3067.5,3080.0,5.0,3067.5,-6.5,-1.3,stop,False,4,5.5,0.25,C_PDL_accept
2013-07-17,2013,IS,2,1,3083.0,3078.0,3090.5,5.0,3078.0,-6.5,-1.3,stop,False,7,5.0,1.5,C_PDL_accept
2013-07-23,2013,IS,1,-1,3035.0,3040.0,3027.5,5.0,3037.75,-4.25,-0.85,time,False,60,3.0,4.25,C_PDL_accept
2013-07-29,2013,IS,0,1,3076.25,3071.25,3083.75,5.0,3071.25,-6.5,-1.3,stop,False,27,6.0,2.25,C_PDL_accept
2013-07-31,2013,IS,2,1,3096.5,3091.5,3104.0,5.0,3091.5,-6.5,-1.3,stop,False,25,5.25,1.0,C_PDL_accept
2013-08-05,2013,IS,0,1,3139.5,3134.5,3147.0,5.0,3134.5,-6.5,-1.3,stop,False,47,5.25,0.75,C_PDL_accept
2013-08-06,2013,IS,1,-1,3125.75,3130.75,3118.25,5.0,3118.25,6.0,1.2,target,False,36,4.0,7.75,C_PDL_accept
2013-08-07,2013,IS,2,-1,3103.25,3108.25,3095.75,5.0,3095.75,6.0,1.2,target,False,13,0.75,8.5,C_PDL_accept
2013-08-19,2013,IS,0,1,3093.5,3088.5,3101.0,5.0,3097.25,2.25,0.45,time,False,60,0.5,7.0,C_PDL_accept
2013-08-26,2013,IS,0,1,3129.75,3124.75,3137.25,5.0,3137.25,6.0,1.2,target,False,28,0.0,8.75,C_PDL_accept
2013-08-29,2013,IS,3,1,3087.5,3082.5,3095.0,5.0,3095.0,6.0,1.2,target,False,32,1.75,7.5,C_PDL_accept
2013-09-03,2013,IS,1,1,3109.75,3104.75,3117.25,5.0,3104.75,-6.5,-1.3,stop,False,29,5.25,1.5,C_PDL_accept
2013-09-05,2013,IS,3,1,3131.25,3126.25,3138.75,5.0,3129.0,-3.75,-0.75,time,False,60,4.75,6.5,C_PDL_accept
2013-09-06,2013,IS,4,-1,3117.75,3122.75,3110.25,5.0,3110.25,6.0,1.2,target,False,2,0.0,10.75,C_PDL_accept
2013-09-09,2013,IS,0,1,3151.75,3146.75,3159.25,5.0,3146.75,-6.5,-1.3,stop,False,36,5.5,5.25,C_PDL_accept
2013-09-16,2013,IS,0,1,3182.25,3177.25,3189.75,5.0,3177.25,-6.5,-1.3,stop,False,19,5.25,0.5,C_PDL_accept
2013-09-18,2013,IS,2,1,3191.5,3186.5,3199.0,5.0,3189.5,-3.5,-0.7,time,False,60,3.25,3.25,C_PDL_accept
2013-09-23,2013,IS,0,-1,3212.75,3218.3125,3204.40625,5.5625,3218.3125,-7.0625,-1.2696629213483146,stop,False,9,5.75,2.25,C_PDL_accept
2013-09-26,2013,IS,3,1,3223.0,3218.0,3230.5,5.0,3230.5,6.0,1.2,target,False,26,3.5,8.5,C_PDL_accept
2013-10-01,2013,IS,1,1,3226.75,3221.75,3234.25,5.0,3221.75,-6.5,-1.3,stop,False,9,5.75,1.0,C_PDL_accept
2013-10-03,2013,IS,3,-1,3217.5,3222.5,3210.0,5.0,3222.5,-6.5,-1.3,stop,False,45,5.5,7.0,C_PDL_accept
2013-10-08,2013,IS,1,-1,3199.0,3204.0,3191.5,5.0,3204.0,-6.5,-1.3,stop,False,3,6.5,0.25,C_PDL_accept
2013-10-09,2013,IS,2,-1,3141.25,3146.25,3133.75,5.0,3133.75,6.0,1.2,target,False,7,0.5,8.5,C_PDL_accept
2013-10-16,2013,IS,2,1,3267.25,3262.25,3274.75,5.0,3262.25,-6.5,-1.3,stop,False,9,5.25,3.5,C_PDL_accept
2013-10-22,2013,IS,1,-1,3339.75,3344.75,3332.25,5.0,3344.75,-6.5,-1.3,stop,False,1,7.75,0.0,C_PDL_accept
2013-11-18,2013,IS,0,1,3423.0,3418.0,3430.5,5.0,3418.0,-6.5,-1.3,stop,False,8,6.75,2.75,C_PDL_accept
2013-11-25,2013,IS,0,1,3424.75,3419.75,3432.25,5.0,3426.5,0.25,0.05,time,False,60,3.0,3.75,C_PDL_accept
2013-12-11,2013,IS,2,-1,3502.75,3507.75,3495.25,5.0,3507.75,-6.5,-1.3,stop,False,6,5.75,1.25,C_PDL_accept
2013-12-16,2013,IS,0,1,3480.0,3470.9375,3493.59375,9.0625,3480.25,-1.25,-0.13793103448275862,time,False,60,2.75,11.25,C_PDL_accept
2013-12-30,2013,IS,0,-1,3563.25,3568.25,3555.75,5.0,3562.75,-1.0,-0.2,time,False,60,2.5,7.25,C_PDL_accept
2013-12-31,2013,IS,1,1,3575.5,3570.5,3583.0,5.0,3579.25,2.25,0.45,time,False,60,3.25,4.25,C_PDL_accept
2014-01-02,2014,IS,3,-1,3562.5,3567.5,3555.0,5.0,3555.0,6.0,1.2,target,False,14,1.0,7.5,C_PDL_accept
2014-01-17,2014,IS,4,-1,3591.25,3596.25,3583.75,5.0,3596.25,-6.5,-1.3,stop,False,4,5.5,0.25,C_PDL_accept
2014-02-05,2014,IS,2,-1,3420.75,3425.75,3413.25,5.0,3413.25,6.0,1.2,target,False,3,1.5,8.25,C_PDL_accept
2014-02-06,2014,IS,3,1,3478.0,3472.875,3485.6875,5.125,3485.6875,6.1875,1.2073170731707317,target,False,19,2.25,8.75,C_PDL_accept
2014-02-18,2014,IS,1,1,3671.0,3666.0,3678.5,5.0,3666.0,-6.5,-1.3,stop,False,3,5.25,0.75,C_PDL_accept
2014-02-20,2014,IS,3,-1,3651.0,3656.0,3643.5,5.0,3643.5,6.0,1.2,target,False,17,2.5,7.5,C_PDL_accept
2014-02-24,2014,IS,0,1,3690.25,3685.0,3698.125,5.25,3696.5,4.75,0.9047619047619048,time,False,60,3.25,7.0,C_PDL_accept
2014-03-03,2014,IS,0,-1,3658.75,3663.75,3651.25,5.0,3663.75,-6.5,-1.3,stop,False,13,8.25,4.75,C_PDL_accept
2014-03-07,2014,IS,4,-1,3705.75,3711.3125,3697.40625,5.5625,3697.40625,6.84375,1.2303370786516854,target,False,1,0.25,8.5,C_PDL_accept
2014-03-18,2014,IS,1,1,3678.0,3671.1875,3688.21875,6.8125,3688.21875,8.71875,1.2798165137614679,target,False,36,4.75,10.5,C_PDL_accept
2014-03-24,2014,IS,0,-1,3631.25,3636.25,3623.75,5.0,3623.75,6.0,1.2,target,False,3,0.5,8.0,C_PDL_accept
2014-03-28,2014,IS,4,1,3591.0,3586.0,3598.5,5.0,3586.0,-6.5,-1.3,stop,False,12,5.25,2.0,C_PDL_accept
2014-03-31,2014,IS,0,1,3605.75,3600.75,3613.25,5.0,3600.75,-6.5,-1.3,stop,False,14,5.0,5.5,C_PDL_accept
2014-04-01,2014,IS,1,1,3615.25,3610.125,3622.9375,5.125,3622.9375,6.1875,1.2073170731707317,target,False,12,3.75,8.25,C_PDL_accept
2014-04-02,2014,IS,2,1,3655.0,3650.0,3662.5,5.0,3650.0,-6.5,-1.3,stop,False,10,8.75,2.75,C_PDL_accept
2014-04-04,2014,IS,4,-1,3602.75,3607.75,3595.25,5.0,3607.75,-6.5,-1.3,stop,False,3,7.0,2.25,C_PDL_accept
2014-04-07,2014,IS,0,-1,3518.25,3525.0625,3508.03125,6.8125,3525.0625,-8.3125,-1.2201834862385321,stop,False,1,7.25,0.0,C_PDL_accept
2014-04-09,2014,IS,2,1,3542.5,3537.375,3550.1875,5.125,3537.375,-6.625,-1.2926829268292683,stop,False,17,7.25,7.25,C_PDL_accept
2014-04-15,2014,IS,1,1,3489.75,3484.625,3497.4375,5.125,3497.4375,6.1875,1.2073170731707317,target,False,8,3.0,8.75,C_PDL_accept
2014-04-16,2014,IS,2,1,3503.5,3498.5,3511.0,5.0,3498.5,-6.5,-1.3,stop,False,7,6.25,5.5,C_PDL_accept
2014-04-21,2014,IS,0,1,3543.75,3538.75,3551.25,5.0,3538.75,-6.5,-1.3,stop,False,1,6.0,0.0,C_PDL_accept
2014-05-01,2014,IS,3,1,3580.5,3575.5,3588.0,5.0,3588.0,6.0,1.2,target,False,4,1.75,7.75,C_PDL_accept
2014-05-07,2014,IS,2,-1,3543.75,3550.0625,3534.28125,6.3125,3534.28125,7.96875,1.2623762376237624,target,False,12,4.5,9.5,C_PDL_accept
2014-05-12,2014,IS,0,1,3584.0,3579.0,3591.5,5.0,3591.5,6.0,1.2,target,False,14,0.5,8.25,C_PDL_accept
2014-05-14,2014,IS,2,-1,3596.75,3601.75,3589.25,5.0,3601.75,-6.5,-1.3,stop,False,3,5.0,0.75,C_PDL_accept
2014-05-15,2014,IS,3,-1,3579.25,3584.25,3571.75,5.0,3571.75,6.0,1.2,target,False,3,0.5,8.75,C_PDL_accept
2014-05-19,2014,IS,0,1,3592.5,3587.4375,3600.09375,5.0625,3587.4375,-6.5625,-1.2962962962962963,stop,False,19,8.5,4.5,C_PDL_accept
2014-05-22,2014,IS,3,1,3639.75,3634.75,3647.25,5.0,3634.75,-6.5,-1.3,stop,False,1,5.25,0.5,C_PDL_accept
2014-05-27,2014,IS,1,1,3695.0,3690.0,3702.5,5.0,3702.5,6.0,1.2,target,False,40,4.5,7.75,C_PDL_accept
2014-05-30,2014,IS,4,1,3736.75,3731.75,3744.25,5.0,3731.75,-6.5,-1.3,stop,False,9,5.25,1.25,C_PDL_accept
2014-06-02,2014,IS,0,-1,3711.5,3716.5,3704.0,5.0,3716.5,-6.5,-1.3,stop,False,8,5.25,4.25,C_PDL_accept
2014-06-05,2014,IS,3,1,3753.0,3748.0,3760.5,5.0,3748.0,-6.5,-1.3,stop,False,7,7.75,2.0,C_PDL_accept
2014-06-16,2014,IS,0,-1,3776.75,3781.75,3769.25,5.0,3781.75,-6.5,-1.3,stop,False,3,5.0,0.25,C_PDL_accept
2014-06-30,2014,IS,0,1,3839.5,3834.5,3847.0,5.0,3842.25,1.25,0.25,time,False,60,1.5,6.5,C_PDL_accept
2014-07-03,2014,IS,3,1,3898.75,3893.75,3906.25,5.0,3903.0,2.75,0.55,time,False,60,3.75,5.5,C_PDL_accept
2014-07-07,2014,IS,0,-1,3909.0,3914.0,3901.5,5.0,3914.0,-6.5,-1.3,stop,False,29,5.25,2.0,C_PDL_accept
2014-07-08,2014,IS,1,-1,3892.5,3897.5,3885.0,5.0,3885.0,6.0,1.2,target,False,7,2.5,8.5,C_PDL_accept
2014-07-15,2014,IS,1,1,3933.25,3928.25,3940.75,5.0,3928.25,-6.5,-1.3,stop,False,4,5.25,0.25,C_PDL_accept
2014-07-29,2014,IS,1,1,3973.5,3968.375,3981.1875,5.125,3975.75,0.75,0.14634146341463414,time,False,60,4.5,4.0,C_PDL_accept
2014-08-14,2014,IS,3,1,3949.75,3944.75,3957.25,5.0,3953.5,2.25,0.45,time,False,60,3.75,6.25,C_PDL_accept
2014-09-08,2014,IS,0,1,4093.0,4088.0,4100.5,5.0,4100.5,6.0,1.2,target,False,20,2.25,7.5,C_PDL_accept
2014-09-18,2014,IS,3,1,4087.75,4082.0625,4096.28125,5.6875,4082.0625,-7.1875,-1.2637362637362637,stop,False,21,5.75,1.75,C_PDL_accept
2014-09-22,2014,IS,0,-1,4073.25,4078.25,4065.75,5.0,4078.25,-6.5,-1.3,stop,False,24,5.25,5.5,C_PDL_accept
2014-10-01,2014,IS,2,-1,4017.25,4022.25,4009.75,5.0,4009.75,6.0,1.2,target,False,10,4.0,11.0,C_PDL_accept
2014-10-02,2014,IS,3,-1,3960.5,3966.9375,3950.84375,6.4375,3950.84375,8.15625,1.266990291262136,target,False,23,4.25,10.0,C_PDL_accept
2014-10-13,2014,IS,0,-1,3843.25,3852.5625,3829.28125,9.3125,3852.5625,-10.8125,-1.1610738255033557,stop,False,9,10.75,9.25,C_PDL_accept
2014-11-03,2014,IS,0,1,4166.5,4161.5,4174.0,5.0,4161.5,-6.5,-1.3,stop,False,22,7.0,7.25,C_PDL_accept
2014-11-07,2014,IS,4,-1,4137.75,4142.75,4130.25,5.0,4142.75,-6.5,-1.3,stop,False,6,6.5,0.25,C_PDL_accept
2014-11-18,2014,IS,1,1,4227.75,4222.75,4235.25,5.0,4235.25,6.0,1.2,target,False,17,1.0,8.5,C_PDL_accept
2014-12-01,2014,IS,0,-1,4314.0,4319.0,4306.5,5.0,4306.5,6.0,1.2,target,False,6,2.75,11.25,C_PDL_accept
2014-12-15,2014,IS,0,-1,4177.5,4185.5,4165.5,8.0,4185.5,-9.5,-1.1875,stop,False,3,8.5,1.0,C_PDL_accept
2014-12-16,2014,IS,1,-1,4128.0,4144.5625,4103.15625,16.5625,4144.5625,-18.0625,-1.090566037735849,stop,False,58,20.0,22.75,C_PDL_accept
2015-01-07,2015,IS,2,-1,4135.0,4142.6875,4123.46875,7.6875,4142.6875,-9.1875,-1.1951219512195121,stop,False,4,8.25,0.25,C_PDL_accept
2015-01-13,2015,IS,1,1,4236.0,4225.0625,4252.40625,10.9375,4241.0,3.5,0.32,time,False,60,3.75,9.25,C_PDL_accept
2015-01-20,2015,IS,1,1,4162.0,4155.5625,4171.65625,6.4375,4155.5625,-7.9375,-1.233009708737864,stop,False,6,7.25,3.5,C_PDL_accept
2015-01-22,2015,IS,3,1,4214.5,4204.8125,4229.03125,9.6875,4204.8125,-11.1875,-1.1548387096774193,stop,False,2,15.0,4.25,C_PDL_accept
2015-01-23,2015,IS,4,1,4271.25,4266.25,4278.75,5.0,4266.25,-6.5,-1.3,stop,False,12,5.25,3.75,C_PDL_accept
2015-03-02,2015,IS,0,1,4467.5,4462.5,4475.0,5.0,4475.0,6.0,1.2,target,False,23,1.25,7.5,C_PDL_accept
2015-03-04,2015,IS,2,-1,4441.5,4446.5,4434.0,5.0,4434.0,6.0,1.2,target,False,5,2.5,7.5,C_PDL_accept
2015-03-24,2015,IS,1,-1,4434.25,4439.25,4426.75,5.0,4439.25,-6.5,-1.3,stop,False,6,5.0,2.25,C_PDL_accept
2015-03-25,2015,IS,2,-1,4420.0,4425.0,4412.5,5.0,4412.5,6.0,1.2,target,False,10,1.25,15.5,C_PDL_accept
2015-04-07,2015,IS,1,1,4358.75,4353.75,4366.25,5.0,4353.75,-6.5,-1.3,stop,False,24,7.5,4.75,C_PDL_accept
2015-04-09,2015,IS,3,1,4387.25,4381.5,4395.875,5.75,4381.5,-7.25,-1.2608695652173914,stop,False,11,9.75,2.75,C_PDL_accept
2015-04-14,2015,IS,1,-1,4391.75,4398.75,4381.25,7.0,4398.75,-8.5,-1.2142857142857142,stop,False,4,7.0,1.5,C_PDL_accept
2015-04-28,2015,IS,1,-1,4503.75,4508.75,4496.25,5.0,4508.75,-6.5,-1.3,stop,False,4,5.5,3.5,C_PDL_accept
2015-05-06,2015,IS,2,-1,4393.75,4400.75,4383.25,7.0,4383.25,9.0,1.2857142857142858,target,False,1,0.75,13.0,C_PDL_accept
2015-05-13,2015,IS,2,1,4445.25,4440.1875,4452.84375,5.0625,4452.84375,6.09375,1.2037037037037037,target,False,2,1.75,11.0,C_PDL_accept
2015-05-15,2015,IS,4,1,4496.0,4491.0,4503.5,5.0,4491.0,-6.5,-1.3,stop,False,7,5.5,1.75,C_PDL_accept
2015-05-20,2015,IS,2,-1,4490.25,4495.25,4482.75,5.0,4482.75,6.0,1.2,target,False,10,1.75,8.0,C_PDL_accept
2015-05-26,2015,IS,1,-1,4511.5,4517.75,4502.125,6.25,4502.125,7.875,1.26,target,False,11,0.75,10.25,C_PDL_accept
2015-06-01,2015,IS,0,-1,4487.0,4494.9375,4475.09375,7.9375,4494.9375,-9.4375,-1.188976377952756,stop,False,8,12.5,0.5,C_PDL_accept
2015-06-05,2015,IS,4,-1,4467.0,4476.8125,4452.28125,9.8125,4452.28125,13.21875,1.3471337579617835,target,False,6,5.75,17.75,C_PDL_accept
2015-06-09,2015,IS,1,-1,4416.5,4425.3125,4403.28125,8.8125,4403.28125,11.71875,1.3297872340425532,target,False,4,3.25,14.25,C_PDL_accept
2015-06-10,2015,IS,2,1,4447.75,4442.4375,4455.71875,5.3125,4442.4375,-6.8125,-1.2823529411764707,stop,False,2,5.5,0.5,C_PDL_accept
2015-06-17,2015,IS,2,1,4460.25,4455.25,4467.75,5.0,4460.0,-1.75,-0.35,time,False,60,3.75,5.25,C_PDL_accept
2015-06-24,2015,IS,2,1,4553.75,4548.75,4561.25,5.0,4548.75,-6.5,-1.3,stop,False,30,8.0,0.5,C_PDL_accept
2015-06-26,2015,IS,4,-1,4493.0,4498.0,4485.5,5.0,4498.0,-6.5,-1.3,stop,False,8,9.25,3.5,C_PDL_accept
2015-07-15,2015,IS,2,1,4531.5,4526.5,4539.0,5.0,4526.5,-6.5,-1.3,stop,False,42,5.0,6.25,C_PDL_accept
2015-07-20,2015,IS,0,1,4657.5,4652.5,4665.0,5.0,4652.5,-6.5,-1.3,stop,False,6,7.25,1.0,C_PDL_accept
2015-07-27,2015,IS,0,-1,4537.0,4547.75,4520.875,10.75,4520.875,14.625,1.3604651162790697,target,False,44,5.0,16.75,C_PDL_accept
2015-07-29,2015,IS,2,1,4565.75,4559.6875,4574.84375,6.0625,4559.6875,-7.5625,-1.2474226804123711,stop,False,11,6.25,2.75,C_PDL_accept
2015-07-30,2015,IS,3,-1,4540.0,4546.125,4530.8125,6.125,4530.8125,7.6875,1.2551020408163265,target,False,12,3.75,9.25,C_PDL_accept
2015-08-06,2015,IS,3,-1,4546.0,4551.5,4537.75,5.5,4537.75,6.75,1.2272727272727273,target,False,9,2.5,8.25,C_PDL_accept
2015-08-13,2015,IS,3,1,4540.75,4533.375,4551.8125,7.375,4533.375,-8.875,-1.2033898305084745,stop,False,5,11.0,3.25,C_PDL_accept
2015-08-31,2015,IS,0,-1,4275.0,4283.4375,4262.34375,8.4375,4283.4375,-9.9375,-1.1777777777777778,stop,False,6,10.5,3.75,C_PDL_accept
2015-09-24,2015,IS,3,-1,4209.5,4227.6875,4182.21875,18.1875,4190.5,17.5,0.9621993127147767,time,False,60,10.0,19.5,C_PDL_accept
2015-09-25,2015,IS,4,1,4291.0,4274.5,4315.75,16.5,4274.5,-18.0,-1.0909090909090908,stop,False,19,17.75,5.0,C_PDL_accept
2015-09-30,2015,IS,2,1,4151.75,4142.25,4166.0,9.5,4142.25,-11.0,-1.1578947368421053,stop,False,3,10.0,0.75,C_PDL_accept
2015-10-12,2015,IS,0,1,4374.25,4369.125,4381.9375,5.125,4369.125,-6.625,-1.2926829268292683,stop,False,3,6.5,0.0,C_PDL_accept
2015-10-13,2015,IS,1,1,4384.75,4376.5,4397.125,8.25,4376.5,-9.75,-1.1818181818181819,stop,False,31,8.25,6.0,C_PDL_accept
2015-10-14,2015,IS,2,-1,4334.25,4341.625,4323.1875,7.375,4323.1875,9.5625,1.2966101694915255,target,False,19,0.0,11.25,C_PDL_accept
2015-10-15,2015,IS,3,1,4370.5,4365.5,4378.0,5.0,4365.5,-6.5,-1.3,stop,False,5,6.25,5.25,C_PDL_accept
2015-10-22,2015,IS,3,1,4463.25,4454.375,4476.5625,8.875,4471.75,7.0,0.7887323943661971,time,False,60,7.5,12.5,C_PDL_accept
2015-11-23,2015,IS,0,1,4695.25,4690.125,4702.9375,5.125,4690.125,-6.625,-1.2926829268292683,stop,False,18,7.0,3.5,C_PDL_accept
2015-12-01,2015,IS,1,1,4705.0,4700.0,4712.5,5.0,4700.0,-6.5,-1.3,stop,False,19,6.75,4.5,C_PDL_accept
2015-12-02,2015,IS,2,1,4719.75,4714.75,4727.25,5.0,4727.25,6.0,1.2,target,False,5,0.75,8.75,C_PDL_accept
2015-12-24,2015,IS,3,1,4623.25,4618.25,4630.75,5.0,4618.25,-6.5,-1.3,stop,False,14,5.0,4.5,C_PDL_accept
2016-02-05,2016,IS,4,-1,4102.5,4114.4375,4084.59375,11.9375,4084.59375,16.40625,1.37434554973822,target,False,40,10.75,22.75,C_PDL_accept
2016-02-19,2016,IS,4,-1,4134.75,4146.375,4117.3125,11.625,4146.375,-13.125,-1.1290322580645162,stop,False,15,22.75,9.0,C_PDL_accept
2016-03-01,2016,IS,1,1,4272.25,4257.8125,4293.90625,14.4375,4289.0,15.25,1.0562770562770563,time,False,60,5.0,17.0,C_PDL_accept
2016-03-07,2016,IS,0,-1,4292.75,4299.4375,4282.71875,6.6875,4299.4375,-8.1875,-1.2242990654205608,stop,False,13,6.75,7.75,C_PDL_accept
2016-03-08,2016,IS,1,-1,4262.25,4271.25,4248.75,9.0,4271.25,-10.5,-1.1666666666666667,stop,False,10,11.5,3.5,C_PDL_accept
2016-03-14,2016,IS,0,1,4356.5,4351.5,4364.0,5.0,4351.5,-6.5,-1.3,stop,False,22,5.5,4.0,C_PDL_accept
2016-03-28,2016,IS,0,1,4404.0,4399.0,4411.5,5.0,4399.0,-6.5,-1.3,stop,False,5,6.25,0.0,C_PDL_accept
2016-04-22,2016,IS,4,-1,4482.25,4488.4375,4472.96875,6.1875,4472.96875,7.78125,1.2575757575757576,target,False,32,6.0,14.0,C_PDL_accept
2016-04-27,2016,IS,2,-1,4402.5,4407.5,4395.0,5.0,4395.0,6.0,1.2,target,False,4,2.5,8.75,C_PDL_accept
2016-04-29,2016,IS,4,-1,4338.5,4347.625,4324.8125,9.125,4324.8125,12.1875,1.3356164383561644,target,False,37,1.25,15.25,C_PDL_accept
2016-05-04,2016,IS,2,-1,4312.5,4322.4375,4297.59375,9.9375,4302.75,8.25,0.8301886792452831,time,False,60,5.5,11.75,C_PDL_accept
2016-05-09,2016,IS,0,1,4339.75,4332.5,4350.625,7.25,4350.625,9.375,1.293103448275862,target,False,33,6.5,12.25,C_PDL_accept
2016-05-10,2016,IS,1,1,4361.5,4354.75,4371.625,6.75,4354.75,-8.25,-1.2222222222222223,stop,False,15,7.25,1.25,C_PDL_accept
2016-05-11,2016,IS,2,1,4402.5,4397.5,4410.0,5.0,4397.5,-6.5,-1.3,stop,False,3,5.25,0.25,C_PDL_accept
2016-05-12,2016,IS,3,-1,4343.0,4350.4375,4331.84375,7.4375,4350.4375,-8.9375,-1.2016806722689075,stop,False,13,7.5,1.75,C_PDL_accept
2016-05-19,2016,IS,3,-1,4296.75,4301.75,4289.25,5.0,4301.75,-6.5,-1.3,stop,False,3,5.25,0.25,C_PDL_accept
2016-05-24,2016,IS,1,1,4388.25,4378.125,4403.4375,10.125,4403.4375,13.6875,1.3518518518518519,target,False,19,0.25,15.5,C_PDL_accept
2016-05-27,2016,IS,4,1,4498.75,4493.75,4506.25,5.0,4506.25,6.0,1.2,target,False,25,2.5,8.5,C_PDL_accept
2016-06-02,2016,IS,3,-1,4493.0,4498.0,4485.5,5.0,4498.0,-6.5,-1.3,stop,False,15,5.25,6.75,C_PDL_accept
2016-06-08,2016,IS,2,-1,4506.0,4511.0,4498.5,5.0,4511.0,-6.5,-1.3,stop,False,16,8.0,2.0,C_PDL_accept
2016-06-09,2016,IS,3,-1,4501.5,4506.5,4494.0,5.0,4506.5,-6.5,-1.3,stop,False,2,6.25,0.0,C_PDL_accept
2016-06-14,2016,IS,1,-1,4407.0,4413.3125,4397.53125,6.3125,4397.53125,7.96875,1.2623762376237624,target,False,28,5.25,11.25,C_PDL_accept
2016-07-01,2016,IS,4,1,4418.25,4412.125,4427.4375,6.125,4427.4375,7.6875,1.2551020408163265,target,False,15,1.75,10.0,C_PDL_accept
2016-07-06,2016,IS,2,-1,4369.25,4380.0625,4353.03125,10.8125,4380.0625,-12.3125,-1.138728323699422,stop,False,17,14.0,2.25,C_PDL_accept
2016-07-14,2016,IS,3,1,4591.75,4579.8125,4609.65625,11.9375,4594.5,1.25,0.10471204188481675,time,False,60,4.75,7.25,C_PDL_accept
2016-07-18,2016,IS,0,1,4606.25,4601.25,4613.75,5.0,4613.75,6.0,1.2,target,False,21,1.0,7.5,C_PDL_accept
2016-07-26,2016,IS,1,1,4673.75,4668.75,4681.25,5.0,4681.25,6.0,1.2,target,False,13,0.0,7.75,C_PDL_accept
2016-08-01,2016,IS,0,1,4739.25,4734.25,4746.75,5.0,4746.75,6.0,1.2,target,False,11,4.25,7.5,C_PDL_accept
2016-08-04,2016,IS,3,1,4732.25,4727.25,4739.75,5.0,4727.25,-6.5,-1.3,stop,False,15,7.25,6.0,C_PDL_accept
2016-08-11,2016,IS,3,1,4804.0,4799.0,4811.5,5.0,4799.0,-6.5,-1.3,stop,False,26,5.75,7.0,C_PDL_accept
2016-08-16,2016,IS,1,-1,4801.0,4806.0,4793.5,5.0,4806.0,-6.5,-1.3,stop,False,22,5.0,4.5,C_PDL_accept
2016-08-17,2016,IS,2,-1,4792.75,4797.8125,4785.15625,5.0625,4785.15625,6.09375,1.2037037037037037,target,False,4,1.75,10.75,C_PDL_accept
2016-08-19,2016,IS,4,-1,4788.75,4793.75,4781.25,5.0,4793.75,-6.5,-1.3,stop,False,17,5.0,3.75,C_PDL_accept
2016-08-26,2016,IS,4,1,4799.25,4794.25,4806.75,5.0,4794.25,-6.5,-1.3,stop,False,5,5.0,0.25,C_PDL_accept
2016-08-30,2016,IS,1,-1,4767.25,4772.25,4759.75,5.0,4772.25,-6.5,-1.3,stop,False,1,7.25,0.75,C_PDL_accept
2016-09-01,2016,IS,3,1,4783.25,4777.6875,4791.59375,5.5625,4777.6875,-7.0625,-1.2696629213483146,stop,False,16,6.25,3.5,C_PDL_accept
2016-09-15,2016,IS,3,1,4774.0,4766.4375,4785.34375,7.5625,4785.34375,9.84375,1.3016528925619835,target,False,25,0.0,11.75,C_PDL_accept
2016-10-11,2016,IS,1,-1,4859.5,4864.5,4852.0,5.0,4852.0,6.0,1.2,target,False,18,3.75,10.25,C_PDL_accept
2016-11-18,2016,IS,4,1,4836.0,4830.5,4844.25,5.5,4830.5,-7.0,-1.2727272727272727,stop,False,9,6.5,4.5,C_PDL_accept
2016-11-21,2016,IS,0,1,4846.5,4841.3125,4854.28125,5.1875,4841.3125,-6.6875,-1.2891566265060241,stop,False,22,5.5,4.25,C_PDL_accept
2016-11-23,2016,IS,2,-1,4849.25,4856.75,4838.0,7.5,4838.0,9.75,1.3,target,False,9,1.75,12.25,C_PDL_accept
2016-11-28,2016,IS,0,1,4874.0,4867.8125,4883.28125,6.1875,4867.8125,-7.6875,-1.2424242424242424,stop,False,12,6.75,5.75,C_PDL_accept
2016-11-30,2016,IS,2,-1,4844.25,4849.25,4836.75,5.0,4849.25,-6.5,-1.3,stop,False,15,5.75,4.75,C_PDL_accept
2016-12-01,2016,IS,3,-1,4806.75,4811.8125,4799.15625,5.0625,4799.15625,6.09375,1.2037037037037037,target,False,3,1.75,10.0,C_PDL_accept
2016-12-08,2016,IS,3,1,4857.75,4852.75,4865.25,5.0,4852.75,-6.5,-1.3,stop,False,2,6.0,1.5,C_PDL_accept
2016-12-13,2016,IS,1,1,4925.5,4920.25,4933.375,5.25,4933.375,6.375,1.2142857142857142,target,False,7,4.25,10.5,C_PDL_accept
2016-12-19,2016,IS,0,1,4958.0,4953.0,4965.5,5.0,4953.0,-6.5,-1.3,stop,False,10,5.0,1.25,C_PDL_accept
2016-12-22,2016,IS,3,-1,4934.25,4939.25,4926.75,5.0,4939.25,-6.5,-1.3,stop,False,13,5.0,6.25,C_PDL_accept
2016-12-29,2016,IS,3,-1,4915.5,4920.5,4908.0,5.0,4920.5,-6.5,-1.3,stop,False,6,5.75,0.25,C_PDL_accept
2016-12-30,2016,IS,4,-1,4880.75,4885.75,4873.25,5.0,4885.75,-6.5,-1.3,stop,False,1,7.25,0.75,C_PDL_accept
2017-01-04,2017,IS,2,1,4929.5,4924.5,4937.0,5.0,4924.5,-6.5,-1.3,stop,False,5,5.75,2.0,C_PDL_accept
2017-01-05,2017,IS,3,1,4946.25,4941.25,4953.75,5.0,4953.75,6.0,1.2,target,False,9,2.5,8.75,C_PDL_accept
2017-01-06,2017,IS,4,1,4966.75,4961.75,4974.25,5.0,4961.75,-6.5,-1.3,stop,False,7,7.25,5.0,C_PDL_accept
2017-01-12,2017,IS,3,-1,4999.0,5004.0,4991.5,5.0,5004.0,-6.5,-1.3,stop,False,3,5.0,0.0,C_PDL_accept
2017-01-13,2017,IS,4,1,5047.75,5042.75,5055.25,5.0,5055.25,6.0,1.2,target,False,11,0.0,12.0,C_PDL_accept
2017-01-20,2017,IS,4,1,5078.5,5073.5,5086.0,5.0,5073.5,-6.5,-1.3,stop,False,8,5.5,4.5,C_PDL_accept
2017-01-23,2017,IS,0,-1,5041.0,5046.0,5033.5,5.0,5046.0,-6.5,-1.3,stop,False,57,6.0,2.75,C_PDL_accept
2017-01-26,2017,IS,3,1,5154.0,5149.0,5161.5,5.0,5149.0,-6.5,-1.3,stop,False,16,5.75,4.75,C_PDL_accept
2017-01-30,2017,IS,0,-1,5136.25,5141.25,5128.75,5.0,5128.75,6.0,1.2,target,False,4,2.0,8.0,C_PDL_accept
2017-01-31,2017,IS,1,-1,5091.25,5096.25,5083.75,5.0,5096.25,-6.5,-1.3,stop,False,2,6.25,0.75,C_PDL_accept
2017-02-09,2017,IS,3,1,5199.25,5194.25,5206.75,5.0,5206.75,6.0,1.2,target,False,56,3.75,7.5,C_PDL_accept
2017-02-16,2017,IS,3,1,5315.25,5310.25,5322.75,5.0,5310.25,-6.5,-1.3,stop,False,4,6.5,1.75,C_PDL_accept
2017-02-23,2017,IS,3,-1,5331.75,5336.75,5324.25,5.0,5324.25,6.0,1.2,target,False,39,4.5,8.0,C_PDL_accept
2017-03-06,2017,IS,0,-1,5340.5,5345.5,5333.0,5.0,5345.5,-6.5,-1.3,stop,False,54,5.25,1.5,C_PDL_accept
2017-03-14,2017,IS,1,-1,5372.0,5377.0,5364.5,5.0,5364.5,6.0,1.2,target,False,27,0.75,8.5,C_PDL_accept
2017-03-20,2017,IS,0,1,5426.75,5421.75,5434.25,5.0,5421.75,-6.5,-1.3,stop,False,48,5.25,1.25,C_PDL_accept
2017-03-21,2017,IS,1,-1,5394.25,5399.25,5386.75,5.0,5386.75,6.0,1.2,target,False,6,0.5,7.75,C_PDL_accept
2017-03-29,2017,IS,2,1,5427.5,5422.5,5435.0,5.0,5422.5,-6.5,-1.3,stop,False,18,5.75,0.5,C_PDL_accept
2017-04-10,2017,IS,0,1,5438.0,5433.0,5445.5,5.0,5433.0,-6.5,-1.3,stop,False,6,5.25,0.5,C_PDL_accept
2017-04-11,2017,IS,1,-1,5401.0,5406.0,5393.5,5.0,5393.5,6.0,1.2,target,False,4,3.0,11.5,C_PDL_accept
2017-04-18,2017,IS,1,1,5404.5,5397.875,5414.4375,6.625,5397.875,-8.125,-1.2264150943396226,stop,False,5,8.5,0.75,C_PDL_accept
2017-04-26,2017,IS,2,1,5559.75,5554.75,5567.25,5.0,5554.75,-6.5,-1.3,stop,False,4,5.0,0.5,C_PDL_accept
2017-05-03,2017,IS,2,-1,5618.75,5623.75,5611.25,5.0,5611.25,6.0,1.2,target,False,32,3.75,7.75,C_PDL_accept
2017-05-09,2017,IS,1,1,5665.5,5660.5,5673.0,5.0,5673.0,6.0,1.2,target,False,13,1.25,7.5,C_PDL_accept
2017-05-11,2017,IS,3,-1,5652.5,5657.5,5645.0,5.0,5645.0,6.0,1.2,target,False,6,1.25,10.0,C_PDL_accept
2017-05-12,2017,IS,4,1,5680.25,5674.6875,5688.59375,5.5625,5674.6875,-7.0625,-1.2696629213483146,stop,False,6,6.5,0.75,C_PDL_accept
2017-05-19,2017,IS,4,1,5654.25,5647.3125,5664.65625,6.9375,5664.65625,8.90625,1.2837837837837838,target,False,20,5.0,13.25,C_PDL_accept
2017-05-22,2017,IS,0,1,5679.25,5674.25,5686.75,5.0,5686.75,6.0,1.2,target,False,53,1.0,8.0,C_PDL_accept
2017-05-31,2017,IS,2,-1,5766.5,5772.625,5757.3125,6.125,5772.625,-7.625,-1.2448979591836735,stop,False,2,6.25,2.75,C_PDL_accept
2017-06-13,2017,IS,1,1,5753.5,5748.25,5761.375,5.25,5748.25,-6.75,-1.2857142857142858,stop,False,6,5.75,6.0,C_PDL_accept
2017-06-14,2017,IS,2,1,5775.0,5764.5625,5790.65625,10.4375,5764.5625,-11.9375,-1.1437125748502994,stop,False,23,11.0,4.25,C_PDL_accept
2017-06-23,2017,IS,4,-1,5766.75,5773.125,5757.1875,6.375,5773.125,-7.875,-1.2352941176470589,stop,False,15,6.75,3.75,C_PDL_accept
2017-07-05,2017,IS,2,1,5626.0,5613.5,5644.75,12.5,5613.5,-14.0,-1.12,stop,False,8,14.0,6.0,C_PDL_accept
2017-07-11,2017,IS,1,1,5715.5,5709.6875,5724.21875,5.8125,5709.6875,-7.3125,-1.2580645161290323,stop,False,33,6.75,2.25,C_PDL_accept
2017-07-13,2017,IS,3,1,5794.0,5787.5625,5803.65625,6.4375,5787.5625,-7.9375,-1.233009708737864,stop,False,3,7.75,0.0,C_PDL_accept
2017-07-14,2017,IS,4,1,5820.75,5810.0,5836.875,10.75,5810.0,-12.25,-1.1395348837209303,stop,False,21,14.0,2.0,C_PDL_accept
2017-07-19,2017,IS,2,1,5902.5,5897.5,5910.0,5.0,5910.0,6.0,1.2,target,False,7,2.0,9.5,C_PDL_accept
2017-08-02,2017,IS,2,-1,5866.75,5872.3125,5858.40625,5.5625,5872.3125,-7.0625,-1.2696629213483146,stop,False,5,7.0,3.25,C_PDL_accept
2017-08-15,2017,IS,1,1,5921.75,5916.6875,5929.34375,5.0625,5916.6875,-6.5625,-1.2962962962962963,stop,False,2,5.75,1.0,C_PDL_accept
2017-08-18,2017,IS,4,-1,5780.0,5789.125,5766.3125,9.125,5789.125,-10.625,-1.1643835616438356,stop,False,9,13.0,7.5,C_PDL_accept
2017-08-21,2017,IS,0,-1,5764.5,5770.8125,5755.03125,6.3125,5755.03125,7.96875,1.2623762376237624,target,False,8,4.75,11.5,C_PDL_accept
2017-08-30,2017,IS,2,1,5881.5,5872.375,5895.1875,9.125,5895.1875,12.1875,1.3356164383561644,target,False,40,1.5,14.0,C_PDL_accept
2017-09-01,2017,IS,4,1,6002.5,5995.625,6012.8125,6.875,5995.625,-8.375,-1.2181818181818183,stop,False,6,7.25,2.5,C_PDL_accept
2017-09-11,2017,IS,0,1,5977.5,5972.5,5985.0,5.0,5985.0,6.0,1.2,target,False,4,0.5,8.0,C_PDL_accept
2017-09-14,2017,IS,3,-1,5978.25,5985.375,5967.5625,7.125,5985.375,-8.625,-1.2105263157894737,stop,False,14,7.75,8.0,C_PDL_accept
2017-09-15,2017,IS,4,-1,5966.75,5971.75,5959.25,5.0,5971.75,-6.5,-1.3,stop,False,15,5.0,5.5,C_PDL_accept
2017-09-20,2017,IS,2,-1,5973.0,5978.0,5965.5,5.0,5965.5,6.0,1.2,target,False,2,0.25,13.75,C_PDL_accept
2017-09-21,2017,IS,3,-1,5924.0,5929.0,5916.5,5.0,5929.0,-6.5,-1.3,stop,False,5,6.75,2.75,C_PDL_accept
2017-09-25,2017,IS,0,-1,5902.5,5910.5,5890.5,8.0,5890.5,10.5,1.3125,target,False,4,2.0,15.5,C_PDL_accept
2017-09-27,2017,IS,2,1,5917.0,5910.875,5926.1875,6.125,5910.875,-7.625,-1.2448979591836735,stop,False,10,7.5,3.75,C_PDL_accept
2017-09-29,2017,IS,4,1,5950.75,5945.75,5958.25,5.0,5945.75,-6.5,-1.3,stop,False,18,10.0,6.5,C_PDL_accept
2017-10-09,2017,IS,0,1,6074.75,6069.75,6082.25,5.0,6069.75,-6.5,-1.3,stop,False,13,5.5,1.75,C_PDL_accept
2017-10-10,2017,IS,1,1,6087.5,6082.5,6095.0,5.0,6082.5,-6.5,-1.3,stop,False,2,5.0,0.0,C_PDL_accept
2017-10-16,2017,IS,0,1,6107.0,6102.0,6114.5,5.0,6112.0,3.5,0.7,time,False,60,1.5,5.25,C_PDL_accept
2017-11-06,2017,IS,0,1,6301.25,6296.25,6308.75,5.0,6308.75,6.0,1.2,target,False,14,2.5,7.5,C_PDL_accept
2017-12-04,2017,IS,0,1,6377.5,6372.5,6385.0,5.0,6372.5,-6.5,-1.3,stop,False,3,5.25,0.5,C_PDL_accept
2017-12-07,2017,IS,3,1,6313.75,6305.3125,6326.40625,8.4375,6305.3125,-9.9375,-1.1777777777777778,stop,False,4,10.25,2.5,C_PDL_accept
2017-12-20,2017,IS,2,-1,6477.0,6482.0,6469.5,5.0,6482.0,-6.5,-1.3,stop,False,2,5.0,0.75,C_PDL_accept
2017-12-22,2017,IS,4,-1,6470.5,6475.9375,6462.34375,5.4375,6475.9375,-6.9375,-1.2758620689655173,stop,False,4,6.5,3.0,C_PDL_accept
2017-12-29,2017,IS,4,-1,6438.75,6443.9375,6430.96875,5.1875,6443.9375,-6.6875,-1.2891566265060241,stop,False,37,5.25,7.0,C_PDL_accept
2018-01-05,2018,IS,4,1,6622.75,6615.0625,6634.28125,7.6875,6634.28125,10.03125,1.3048780487804879,target,False,56,6.5,13.75,C_PDL_accept
2018-01-10,2018,IS,2,-1,6657.0,6667.8125,6640.78125,10.8125,6640.78125,14.71875,1.361271676300578,target,False,11,7.75,19.75,C_PDL_accept
2018-01-22,2018,IS,0,1,6864.0,6859.0,6871.5,5.0,6871.5,6.0,1.2,target,False,6,1.75,12.0,C_PDL_accept
2018-01-23,2018,IS,1,1,6948.25,6938.6875,6962.59375,9.5625,6962.59375,12.84375,1.3431372549019607,target,False,12,0.5,15.75,C_PDL_accept
2018-02-02,2018,IS,4,-1,6869.5,6893.3125,6833.78125,23.8125,6833.78125,34.21875,1.437007874015748,target,False,15,4.5,44.5,C_PDL_accept
2018-02-08,2018,IS,3,-1,6519.5,6539.125,6490.0625,19.625,6490.0625,27.9375,1.4235668789808917,target,False,6,3.5,32.5,C_PDL_accept
2018-02-12,2018,IS,0,1,6468.25,6451.25,6493.75,17.0,6451.25,-18.5,-1.088235294117647,stop,False,2,21.0,3.75,C_PDL_accept
2018-02-14,2018,IS,2,1,6596.5,6559.9375,6651.34375,36.5625,6612.0,14.0,0.38290598290598293,time,False,60,8.0,28.25,C_PDL_accept
2018-03-01,2018,IS,3,-1,6844.75,6863.6875,6816.34375,18.9375,6816.34375,26.90625,1.4207920792079207,target,False,3,4.5,29.0,C_PDL_accept
2018-03-02,2018,IS,4,-1,6671.25,6699.5625,6628.78125,28.3125,6699.5625,-29.8125,-1.0529801324503312,stop,False,26,28.75,25.25,C_PDL_accept
2018-03-06,2018,IS,1,1,6912.5,6901.6875,6928.71875,10.8125,6928.71875,14.71875,1.361271676300578,target,False,8,2.75,20.5,C_PDL_accept
2018-03-23,2018,IS,4,-1,6667.5,6691.5,6631.5,24.0,6691.5,-25.5,-1.0625,stop,False,11,25.0,16.0,C_PDL_accept
2018-03-27,2018,IS,1,1,6788.25,6775.5625,6807.28125,12.6875,6807.28125,17.53125,1.3817733990147782,target,False,13,9.5,24.0,C_PDL_accept
2018-03-28,2018,IS,2,-1,6460.5,6485.0,6423.75,24.5,6485.0,-26.0,-1.0612244897959184,stop,False,8,31.75,16.25,C_PDL_accept
2018-04-05,2018,IS,3,1,6603.5,6591.0625,6622.15625,12.4375,6622.15625,17.15625,1.379396984924623,target,False,14,5.25,21.25,C_PDL_accept
2018-04-06,2018,IS,4,-1,6548.0,6563.5625,6524.65625,15.5625,6524.65625,21.84375,1.4036144578313252,target,False,10,14.0,23.5,C_PDL_accept
2018-04-20,2018,IS,4,-1,6743.75,6757.625,6722.9375,13.875,6722.9375,19.3125,1.3918918918918919,target,False,19,5.25,21.25,C_PDL_accept
2018-04-24,2018,IS,1,-1,6606.5,6618.9375,6587.84375,12.4375,6618.9375,-13.9375,-1.120603015075377,stop,False,9,12.5,6.25,C_PDL_accept
2018-04-25,2018,IS,2,-1,6458.0,6472.0,6437.0,14.0,6472.0,-15.5,-1.1071428571428572,stop,False,3,22.75,0.25,C_PDL_accept
2018-05-01,2018,IS,1,-1,6582.75,6592.25,6568.5,9.5,6592.25,-11.0,-1.1578947368421053,stop,False,8,12.0,4.0,C_PDL_accept
2018-05-04,2018,IS,4,1,6682.75,6669.1875,6703.09375,13.5625,6703.09375,18.84375,1.3894009216589862,target,False,16,2.0,21.0,C_PDL_accept
2018-05-14,2018,IS,0,1,6983.5,6977.4375,6992.59375,6.0625,6977.4375,-7.5625,-1.2474226804123711,stop,False,3,6.75,1.5,C_PDL_accept
2018-05-21,2018,IS,0,1,6947.5,6939.0,6960.25,8.5,6939.0,-10.0,-1.1764705882352942,stop,False,33,9.0,9.5,C_PDL_accept
2018-05-25,2018,IS,4,1,6982.0,6970.5625,6999.15625,11.4375,6976.75,-6.75,-0.5901639344262295,time,False,60,11.25,5.75,C_PDL_accept
2018-06-01,2018,IS,4,1,7031.25,7021.75,7045.5,9.5,7021.75,-11.0,-1.1578947368421053,stop,False,40,11.0,9.5,C_PDL_accept
2018-06-11,2018,IS,0,1,7192.25,7185.875,7201.8125,6.375,7185.875,-7.875,-1.2352941176470589,stop,False,15,7.25,3.0,C_PDL_accept
2018-06-13,2018,IS,2,1,7249.5,7244.4375,7257.09375,5.0625,7257.09375,6.09375,1.2037037037037037,target,False,30,4.75,9.5,C_PDL_accept
2018-06-14,2018,IS,3,1,7299.5,7284.4375,7322.09375,15.0625,7284.4375,-16.5625,-1.099585062240664,stop,False,44,15.25,10.25,C_PDL_accept
2018-06-19,2018,IS,1,-1,7198.25,7210.5,7179.875,12.25,7179.875,16.875,1.3775510204081634,target,False,10,3.75,22.25,C_PDL_accept
2018-06-28,2018,IS,3,-1,6974.0,6994.9375,6942.59375,20.9375,6994.9375,-22.4375,-1.0716417910447762,stop,False,5,33.0,2.0,C_PDL_accept
2018-07-06,2018,IS,4,1,7139.25,7126.0,7159.125,13.25,7159.125,18.375,1.3867924528301887,target,False,23,0.25,23.25,C_PDL_accept
2018-07-13,2018,IS,4,1,7395.25,7386.125,7408.9375,9.125,7386.125,-10.625,-1.1643835616438356,stop,False,5,10.75,0.75,C_PDL_accept
2018-07-19,2018,IS,3,-1,7367.0,7376.375,7352.9375,9.375,7376.375,-10.875,-1.16,stop,False,22,10.5,6.0,C_PDL_accept
2018-07-30,2018,IS,0,-1,7246.25,7260.8125,7224.40625,14.5625,7224.40625,20.34375,1.3969957081545064,target,False,3,0.5,24.5,C_PDL_accept
2018-08-01,2018,IS,2,1,7302.0,7295.625,7311.5625,6.375,7295.625,-7.875,-1.2352941176470589,stop,False,9,8.0,1.75,C_PDL_accept
2018-08-06,2018,IS,0,1,7422.5,7416.0625,7432.15625,6.4375,7416.0625,-7.9375,-1.233009708737864,stop,False,3,7.0,0.75,C_PDL_accept
2018-08-08,2018,IS,2,1,7494.0,7487.1875,7504.21875,6.8125,7487.1875,-8.3125,-1.2201834862385321,stop,False,10,7.0,1.25,C_PDL_accept
2018-08-17,2018,IS,4,-1,7357.25,7366.6875,7343.09375,9.4375,7366.6875,-10.9375,-1.1589403973509933,stop,False,5,10.5,8.25,C_PDL_accept
2018-08-21,2018,IS,1,1,7428.25,7422.0625,7437.53125,6.1875,7422.0625,-7.6875,-1.2424242424242424,stop,False,12,7.75,0.75,C_PDL_accept
2018-08-23,2018,IS,3,1,7450.5,7445.0,7458.75,5.5,7458.75,6.75,1.2272727272727273,target,False,6,2.75,10.25,C_PDL_accept
2018-08-24,2018,IS,4,1,7480.75,7475.75,7488.25,5.0,7488.25,6.0,1.2,target,False,11,2.25,8.0,C_PDL_accept
2018-08-29,2018,IS,2,1,7601.0,7596.0,7608.5,5.0,7608.5,6.0,1.2,target,False,2,1.0,11.0,C_PDL_accept
2018-09-05,2018,IS,2,-1,7580.75,7590.75,7565.75,10.0,7565.75,13.5,1.35,target,False,4,1.25,25.75,C_PDL_accept
2018-09-06,2018,IS,3,-1,7490.5,7499.1875,7477.46875,8.6875,7499.1875,-10.1875,-1.1726618705035972,stop,False,2,17.0,3.5,C_PDL_accept
2018-09-13,2018,IS,3,1,7551.0,7534.8125,7575.28125,16.1875,7575.28125,22.78125,1.4073359073359073,target,False,10,1.5,27.75,C_PDL_accept
2018-09-17,2018,IS,0,-1,7534.0,7540.1875,7524.71875,6.1875,7524.71875,7.78125,1.2575757575757576,target,False,3,1.25,9.75,C_PDL_accept
2018-09-26,2018,IS,2,1,7614.0,7605.25,7627.125,8.75,7605.25,-10.25,-1.1714285714285715,stop,False,5,9.25,4.0,C_PDL_accept
2018-10-02,2018,IS,1,-1,7645.0,7654.25,7631.125,9.25,7654.25,-10.75,-1.162162162162162,stop,False,3,12.25,9.75,C_PDL_accept
2018-10-10,2018,IS,2,-1,7324.5,7341.3125,7299.28125,16.8125,7299.28125,23.71875,1.4107806691449813,target,False,12,6.0,27.5,C_PDL_accept
2018-10-16,2018,IS,1,1,7190.0,7174.0,7214.0,16.0,7174.0,-17.5,-1.09375,stop,False,15,22.5,8.25,C_PDL_accept
2018-11-06,2018,IS,1,1,7008.5,6994.125,7030.0625,14.375,7030.0625,20.0625,1.3956521739130434,target,False,17,3.0,26.25,C_PDL_accept
2018-11-12,2018,IS,0,-1,6965.5,6992.5,6925.0,27.0,6925.0,39.0,1.4444444444444444,target,False,18,1.5,41.75,C_PDL_accept
2018-11-15,2018,IS,3,-1,6721.75,6748.75,6681.25,27.0,6748.75,-28.5,-1.0555555555555556,stop,False,9,27.5,9.5,C_PDL_accept
2018-11-19,2018,IS,0,-1,6785.25,6811.0625,6746.53125,25.8125,6746.53125,37.21875,1.4418886198547216,target,False,26,11.5,42.0,C_PDL_accept
2018-11-26,2018,IS,0,1,6624.5,6603.3125,6656.28125,21.1875,6656.28125,30.28125,1.4292035398230087,target,False,18,7.25,35.5,C_PDL_accept
2018-11-28,2018,IS,2,1,6731.5,6719.6875,6749.21875,11.8125,6719.6875,-13.3125,-1.126984126984127,stop,False,11,15.0,2.25,C_PDL_accept
2018-12-14,2018,IS,4,-1,6715.25,6727.375,6697.0625,12.125,6727.375,-13.625,-1.1237113402061856,stop,False,9,20.75,9.5,C_PDL_accept
2019-01-07,2019,IS,0,1,6472.75,6456.5625,6497.03125,16.1875,6469.5,-4.75,-0.29343629343629346,time,False,60,10.0,12.0,C_PDL_accept
2019-01-09,2019,IS,2,1,6596.75,6586.8125,6611.65625,9.9375,6586.8125,-11.4375,-1.150943396226415,stop,False,11,22.5,9.0,C_PDL_accept
2019-01-14,2019,IS,0,-1,6563.25,6572.125,6549.9375,8.875,6572.125,-10.375,-1.1690140845070423,stop,False,9,13.75,5.0,C_PDL_accept
2019-01-15,2019,IS,1,1,6620.0,6608.6875,6636.96875,11.3125,6636.96875,15.46875,1.367403314917127,target,False,9,2.75,18.25,C_PDL_accept
2019-01-16,2019,IS,2,1,6697.0,6690.0625,6707.40625,6.9375,6690.0625,-8.4375,-1.2162162162162162,stop,False,12,9.5,1.25,C_PDL_accept
2019-01-18,2019,IS,4,1,6769.75,6754.9375,6791.96875,14.8125,6791.96875,20.71875,1.3987341772151898,target,False,22,9.75,23.0,C_PDL_accept
2019-01-29,2019,IS,1,-1,6639.5,6653.375,6618.6875,13.875,6618.6875,19.3125,1.3918918918918919,target,False,5,0.25,21.5,C_PDL_accept
2019-01-30,2019,IS,2,1,6731.25,6718.4375,6750.46875,12.8125,6718.4375,-14.3125,-1.1170731707317074,stop,False,6,15.0,5.5,C_PDL_accept
2019-01-31,2019,IS,3,1,6851.75,6842.0,6866.375,9.75,6866.375,13.125,1.3461538461538463,target,False,4,4.5,15.75,C_PDL_accept
2019-02-05,2019,IS,1,1,6993.5,6982.6875,7009.71875,10.8125,7009.71875,14.71875,1.361271676300578,target,False,10,1.0,17.25,C_PDL_accept
2019-02-11,2019,IS,0,1,6938.0,6919.6875,6965.46875,18.3125,6929.5,-10.0,-0.5460750853242321,time,False,60,16.75,10.0,C_PDL_accept
2019-02-12,2019,IS,1,1,6975.75,6968.5625,6986.53125,7.1875,6986.53125,9.28125,1.291304347826087,target,False,5,0.75,12.75,C_PDL_accept
2019-02-20,2019,IS,2,1,7098.75,7092.125,7108.6875,6.625,7092.125,-8.125,-1.2264150943396226,stop,False,33,7.25,6.25,C_PDL_accept
2019-02-21,2019,IS,3,-1,7020.5,7035.875,6997.4375,15.375,7019.0,0.0,0.0,time,False,60,8.25,15.5,C_PDL_accept
2019-02-26,2019,IS,1,-1,7094.0,7101.0625,7083.40625,7.0625,7101.0625,-8.5625,-1.2123893805309736,stop,False,1,7.5,0.0,C_PDL_accept
2019-02-27,2019,IS,2,-1,7061.5,7070.5625,7047.90625,9.0625,7070.5625,-10.5625,-1.1655172413793105,stop,False,30,9.5,13.5,C_PDL_accept
2019-03-01,2019,IS,4,1,7137.0,7130.6875,7146.46875,6.3125,7130.6875,-7.8125,-1.2376237623762376,stop,False,13,9.25,0.75,C_PDL_accept
2019-03-06,2019,IS,2,-1,7119.75,7126.5625,7109.53125,6.8125,7126.5625,-8.3125,-1.2201834862385321,stop,False,3,7.75,1.5,C_PDL_accept
2019-03-08,2019,IS,4,-1,6991.5,7010.4375,6963.09375,18.9375,7010.4375,-20.4375,-1.0792079207920793,stop,False,4,24.5,3.5,C_PDL_accept
2019-03-18,2019,IS,0,1,7368.5,7362.125,7378.0625,6.375,7362.125,-7.875,-1.2352941176470589,stop,False,36,10.5,7.75,C_PDL_accept
2019-03-19,2019,IS,1,1,7384.25,7375.5,7397.375,8.75,7397.375,11.625,1.3285714285714285,target,False,32,2.75,14.75,C_PDL_accept
2019-03-25,2019,IS,0,-1,7334.75,7352.625,7307.9375,17.875,7307.9375,25.3125,1.416083916083916,target,False,4,0.25,28.0,C_PDL_accept
2019-03-29,2019,IS,4,1,7382.5,7372.125,7398.0625,10.375,7372.125,-11.875,-1.144578313253012,stop,False,50,10.75,12.5,C_PDL_accept
2019-04-05,2019,IS,4,1,7604.0,7595.625,7616.5625,8.375,7595.625,-9.875,-1.1791044776119404,stop,False,21,8.75,3.5,C_PDL_accept
2019-04-15,2019,IS,0,-1,7605.0,7610.0,7597.5,5.0,7610.0,-6.5,-1.3,stop,False,14,5.75,6.25,C_PDL_accept
2019-04-17,2019,IS,2,1,7701.75,7691.5,7717.125,10.25,7717.125,13.875,1.353658536585366,target,False,20,0.0,16.0,C_PDL_accept
2019-04-23,2019,IS,1,1,7751.75,7744.6875,7762.34375,7.0625,7762.34375,9.09375,1.2876106194690264,target,False,3,1.75,13.25,C_PDL_accept
2019-04-26,2019,IS,4,-1,7785.0,7796.625,7767.5625,11.625,7767.5625,15.9375,1.3709677419354838,target,False,15,7.25,18.25,C_PDL_accept
2019-05-03,2019,IS,4,1,7812.75,7802.4375,7828.21875,10.3125,7802.4375,-11.8125,-1.1454545454545455,stop,False,13,14.25,7.75,C_PDL_accept
2019-05-06,2019,IS,0,-1,7724.75,7737.875,7705.0625,13.125,7737.875,-14.625,-1.1142857142857143,stop,False,3,15.25,1.75,C_PDL_accept
2019-05-10,2019,IS,4,-1,7458.0,7480.375,7424.4375,22.375,7480.375,-23.875,-1.0670391061452513,stop,False,11,25.0,13.75,C_PDL_accept
2019-05-13,2019,IS,0,-1,7400.25,7430.75,7354.5,30.5,7354.5,44.25,1.4508196721311475,target,False,15,3.75,46.75,C_PDL_accept
2019-05-15,2019,IS,2,1,7482.75,7456.9375,7521.46875,25.8125,7497.5,13.25,0.513317191283293,time,False,60,17.25,30.75,C_PDL_accept
2019-05-16,2019,IS,3,1,7553.25,7532.0,7585.125,21.25,7585.125,30.375,1.4294117647058824,target,False,27,3.25,34.25,C_PDL_accept
2019-05-28,2019,IS,1,1,7349.0,7333.125,7372.8125,15.875,7333.125,-17.375,-1.094488188976378,stop,False,43,18.0,22.75,C_PDL_accept
2019-06-03,2019,IS,0,-1,7120.75,7133.4375,7101.71875,12.6875,7101.71875,17.53125,1.3817733990147782,target,False,6,6.25,25.0,C_PDL_accept
2019-06-12,2019,IS,2,-1,7483.25,7492.25,7469.75,9.0,7492.25,-10.5,-1.1666666666666667,stop,False,4,10.75,3.5,C_PDL_accept
2019-07-08,2019,IS,0,-1,7786.75,7795.6875,7773.34375,8.9375,7795.6875,-10.4375,-1.167832167832168,stop,False,36,11.25,9.25,C_PDL_accept
2019-07-24,2019,IS,2,1,7993.25,7981.6875,8010.59375,11.5625,7981.6875,-13.0625,-1.1297297297297297,stop,False,12,16.25,1.25,C_PDL_accept
2019-07-29,2019,IS,0,-1,7979.75,7986.875,7969.0625,7.125,7969.0625,9.1875,1.2894736842105263,target,False,6,2.75,12.5,C_PDL_accept
2019-08-13,2019,IS,1,1,7726.75,7708.4375,7754.21875,18.3125,7754.21875,25.96875,1.418088737201365,target,False,6,18.25,47.5,C_PDL_accept
2019-08-21,2019,IS,2,1,7763.25,7747.5625,7786.78125,15.6875,7747.5625,-17.1875,-1.095617529880478,stop,False,29,17.0,2.0,C_PDL_accept
2019-08-23,2019,IS,4,-1,7634.25,7664.6875,7588.59375,30.4375,7664.6875,-31.9375,-1.0492813141683779,stop,False,10,34.75,2.0,C_PDL_accept
2019-08-28,2019,IS,2,-1,7522.25,7541.1875,7493.84375,18.9375,7541.1875,-20.4375,-1.0792079207920793,stop,False,16,20.25,18.0,C_PDL_accept
2019-09-19,2019,IS,3,1,7944.0,7922.5625,7976.15625,21.4375,7968.25,22.75,1.0612244897959184,time,False,60,3.75,26.0,C_PDL_accept
2019-10-03,2019,IS,3,-1,7493.5,7504.8125,7476.53125,11.3125,7504.8125,-12.8125,-1.132596685082873,stop,False,1,15.75,1.5,C_PDL_accept
2019-10-10,2019,IS,3,1,7741.0,7728.4375,7759.84375,12.5625,7759.84375,17.34375,1.3805970149253732,target,False,6,1.25,21.0,C_PDL_accept
2019-10-18,2019,IS,4,-1,7913.75,7923.8125,7898.65625,10.0625,7898.65625,13.59375,1.3509316770186335,target,False,9,4.0,16.5,C_PDL_accept
2019-10-25,2019,IS,4,1,7988.75,7982.375,7998.3125,6.375,7998.3125,8.0625,1.2647058823529411,target,False,26,2.5,10.75,C_PDL_accept
2019-10-30,2019,IS,2,-1,8046.0,8052.9375,8035.59375,6.9375,8052.9375,-8.4375,-1.2162162162162162,stop,False,11,7.5,6.5,C_PDL_accept
2019-11-25,2019,IS,0,1,8328.5,8323.5,8336.0,5.0,8336.0,6.0,1.2,target,False,2,0.25,7.5,C_PDL_accept
2019-11-27,2019,IS,2,1,8425.5,8420.1875,8433.46875,5.3125,8430.5,3.5,0.6588235294117647,time,False,60,5.25,7.25,C_PDL_accept
2019-12-02,2019,IS,0,-1,8396.75,8409.1875,8378.09375,12.4375,8378.09375,17.15625,1.379396984924623,target,False,7,5.5,20.5,C_PDL_accept
2019-12-09,2019,IS,0,1,8414.5,8409.5,8422.0,5.0,8422.0,6.0,1.2,target,False,3,1.5,8.5,C_PDL_accept
2019-12-12,2019,IS,3,1,8423.0,8411.25,8440.625,11.75,8440.625,16.125,1.372340425531915,target,False,1,1.0,23.25,C_PDL_accept
2019-12-17,2019,IS,1,1,8624.0,8616.1875,8635.71875,7.8125,8616.1875,-9.3125,-1.192,stop,False,2,14.25,1.0,C_PDL_accept
2019-12-30,2019,IS,0,-1,8758.25,8766.75,8745.5,8.5,8745.5,11.25,1.3235294117647058,target,False,3,0.75,19.75,C_PDL_accept
2020-01-16,2020,IS,3,1,9104.75,9095.75,9118.25,9.0,9118.25,12.0,1.3333333333333333,target,False,36,8.75,14.0,C_PDL_accept
2020-01-23,2020,IS,3,-1,9167.0,9176.25,9153.125,9.25,9153.125,12.375,1.337837837837838,target,False,2,5.25,15.25,C_PDL_accept
2020-02-21,2020,IS,4,-1,9506.75,9523.625,9481.4375,16.875,9523.625,-18.375,-1.0888888888888888,stop,False,10,17.0,25.0,C_PDL_accept
2020-02-27,2020,IS,3,-1,8677.25,8726.5625,8603.28125,49.3125,8603.28125,72.46875,1.4695817490494296,target,False,40,21.75,79.25,C_PDL_accept
2020-03-25,2020,IS,2,1,7649.25,7554.0,7792.125,95.25,7554.0,-96.75,-1.015748031496063,stop,False,12,104.25,15.0,C_PDL_accept
2020-03-31,2020,IS,1,1,7923.5,7875.3125,7995.78125,48.1875,7945.0,20.0,0.4150453955901427,time,False,60,16.75,71.5,C_PDL_accept
2020-04-09,2020,IS,3,1,8283.5,8230.5,8363.0,53.0,8230.5,-54.5,-1.028301886792453,stop,False,30,65.25,42.75,C_PDL_accept
2020-04-23,2020,IS,3,1,8720.0,8692.9375,8760.59375,27.0625,8760.59375,39.09375,1.4445727482678983,target,False,56,14.25,42.0,C_PDL_accept
2020-04-28,2020,IS,1,-1,8694.75,8736.875,8631.5625,42.125,8736.875,-43.625,-1.0356083086053411,stop,False,30,47.0,1.75,C_PDL_accept
2020-05-04,2020,IS,0,-1,8654.5,8674.4375,8624.59375,19.9375,8674.4375,-21.4375,-1.0752351097178683,stop,False,2,22.25,1.0,C_PDL_accept
2020-05-08,2020,IS,4,1,9140.0,9119.625,9170.5625,20.375,9170.5625,29.0625,1.4263803680981595,target,False,36,6.5,31.75,C_PDL_accept
2020-05-27,2020,IS,2,-1,9343.5,9380.875,9287.4375,37.375,9287.4375,54.5625,1.459866220735786,target,False,14,15.25,56.25,C_PDL_accept
2020-06-03,2020,IS,2,1,9681.0,9669.0,9699.0,12.0,9669.0,-13.5,-1.125,stop,False,2,16.5,7.0,C_PDL_accept
2020-06-04,2020,IS,3,1,9739.5,9726.8125,9758.53125,12.6875,9726.8125,-14.1875,-1.1182266009852218,stop,False,2,16.0,0.75,C_PDL_accept
2020-06-05,2020,IS,4,1,9766.75,9741.125,9805.1875,25.625,9741.125,-27.125,-1.0585365853658537,stop,False,36,30.5,12.25,C_PDL_accept
2020-06-25,2020,IS,3,-1,9900.25,9938.9375,9842.21875,38.6875,9938.9375,-40.1875,-1.0387722132471728,stop,False,6,43.5,14.75,C_PDL_accept
2020-07-01,2020,IS,2,1,10188.5,10167.6875,10219.71875,20.8125,10167.6875,-22.3125,-1.072072072072072,stop,False,2,22.5,4.75,C_PDL_accept
2020-07-07,2020,IS,1,1,10627.75,10606.875,10659.0625,20.875,10606.875,-22.375,-1.0718562874251496,stop,False,7,25.0,4.75,C_PDL_accept
2020-07-27,2020,IS,0,1,10615.25,10592.25,10649.75,23.0,10592.25,-24.5,-1.065217391304348,stop,False,19,23.5,20.5,C_PDL_accept
2020-08-05,2020,IS,2,1,11105.25,11089.5625,11128.78125,15.6875,11089.5625,-17.1875,-1.095617529880478,stop,False,47,17.25,22.25,C_PDL_accept
2020-08-10,2020,IS,0,-1,11018.25,11029.5,11001.375,11.25,11001.375,15.375,1.3666666666666667,target,False,3,4.75,20.25,C_PDL_accept
2020-08-18,2020,IS,1,1,11315.75,11297.0,11343.875,18.75,11297.0,-20.25,-1.08,stop,False,16,19.25,19.25,C_PDL_accept
2020-08-31,2020,IS,0,1,12035.0,12009.4375,12073.34375,25.5625,12009.4375,-27.0625,-1.058679706601467,stop,False,2,29.5,1.5,C_PDL_accept
2020-09-03,2020,IS,3,-1,12140.25,12187.9375,12068.71875,47.6875,12187.9375,-49.1875,-1.0314547837483616,stop,False,5,53.75,7.25,C_PDL_accept
2020-09-04,2020,IS,4,-1,11629.25,11675.625,11559.6875,46.375,11559.6875,68.0625,1.4676549865229112,target,False,8,16.5,103.75,C_PDL_accept
2020-09-10,2020,IS,3,1,11523.5,11458.75,11620.625,64.75,11458.75,-66.25,-1.0231660231660231,stop,False,50,78.5,43.25,C_PDL_accept
2020-10-08,2020,IS,3,1,11520.0,11498.75,11551.875,21.25,11551.875,30.375,1.4294117647058824,target,False,42,19.0,32.0,C_PDL_accept
2020-10-19,2020,IS,0,-1,11776.5,11794.6875,11749.21875,18.1875,11794.6875,-19.6875,-1.0824742268041236,stop,False,3,26.25,5.5,C_PDL_accept
2020-10-22,2020,IS,3,-1,11560.25,11584.0,11524.625,23.75,11524.625,34.125,1.436842105263158,target,False,12,17.75,44.0,C_PDL_accept
2020-10-26,2020,IS,0,-1,11536.5,11556.6875,11506.21875,20.1875,11506.21875,28.78125,1.4256965944272446,target,False,5,6.0,32.25,C_PDL_accept
2020-11-03,2020,IS,1,1,11234.75,11206.8125,11276.65625,27.9375,11276.65625,40.40625,1.4463087248322148,target,False,13,9.5,46.25,C_PDL_accept
2020-11-25,2020,IS,2,1,12113.5,12099.4375,12134.59375,14.0625,12099.4375,-15.5625,-1.1066666666666667,stop,False,3,15.75,2.75,C_PDL_accept
2020-11-27,2020,IS,4,1,12248.5,12228.875,12277.9375,19.625,12228.875,-21.125,-1.0764331210191083,stop,False,7,27.75,6.0,C_PDL_accept
2020-11-30,2020,IS,0,-1,12099.25,12127.375,12057.0625,28.125,12127.375,-29.625,-1.0533333333333332,stop,False,3,31.75,13.25,C_PDL_accept
2020-12-03,2020,IS,3,1,12488.0,12479.0,12501.5,9.0,12479.0,-10.5,-1.1666666666666667,stop,False,1,10.0,3.75,C_PDL_accept
2020-12-07,2020,IS,0,1,12552.75,12536.5625,12577.03125,16.1875,12577.03125,22.78125,1.4073359073359073,target,False,9,1.0,27.75,C_PDL_accept
2020-12-29,2020,IS,1,1,12861.5,12853.125,12874.0625,8.375,12853.125,-9.875,-1.1791044776119404,stop,False,3,19.75,3.5,C_PDL_accept
2021-01-06,2021,IS,2,-1,12572.0,12615.75,12506.375,43.75,12615.75,-45.25,-1.0342857142857143,stop,False,5,52.25,20.75,C_PDL_accept
2021-01-07,2021,IS,3,1,12861.25,12835.8125,12899.40625,25.4375,12899.40625,36.65625,1.441031941031941,target,False,46,2.5,47.75,C_PDL_accept
2021-01-08,2021,IS,4,1,12978.75,12960.0,13006.875,18.75,13006.875,26.625,1.42,target,False,10,15.5,32.25,C_PDL_accept
2021-01-12,2021,IS,1,-1,12849.75,12873.125,12814.6875,23.375,12873.125,-24.875,-1.0641711229946524,stop,False,2,28.0,4.75,C_PDL_accept
2021-01-15,2021,IS,4,-1,12858.0,12878.0625,12827.90625,20.0625,12827.90625,28.59375,1.425233644859813,target,False,3,0.25,38.0,C_PDL_accept
2021-01-27,2021,IS,2,-1,13318.5,13373.75,13235.625,55.25,13235.625,81.375,1.4728506787330318,target,False,4,1.5,83.75,C_PDL_accept
2021-02-05,2021,IS,4,1,13577.0,13563.8125,13596.78125,13.1875,13563.8125,-14.6875,-1.113744075829384,stop,False,5,19.25,2.75,C_PDL_accept
2021-02-09,2021,IS,1,1,13703.0,13689.375,13723.4375,13.625,13723.4375,18.9375,1.389908256880734,target,False,15,4.75,21.25,C_PDL_accept
2021-02-10,2021,IS,2,-1,13613.25,13627.125,13592.4375,13.875,13592.4375,19.3125,1.3918918918918919,target,False,1,5.25,22.25,C_PDL_accept
2021-03-04,2021,IS,3,-1,12630.0,12668.6875,12571.96875,38.6875,12571.96875,56.53125,1.4612277867528272,target,False,9,11.5,61.75,C_PDL_accept
2021-03-19,2021,IS,4,-1,12734.5,12780.6875,12665.21875,46.1875,12780.6875,-47.6875,-1.0324763193504736,stop,False,10,49.25,9.5,C_PDL_accept
2021-03-24,2021,IS,2,-1,12957.25,12988.4375,12910.46875,31.1875,12988.4375,-32.6875,-1.0480961923847696,stop,False,16,31.5,19.75,C_PDL_accept
2021-03-30,2021,IS,1,-1,12784.75,12811.3125,12744.90625,26.5625,12811.3125,-28.0625,-1.056470588235294,stop,False,7,26.75,8.25,C_PDL_accept
2021-03-31,2021,IS,2,1,13008.25,12978.1875,13053.34375,30.0625,13053.34375,43.59375,1.45010395010395,target,False,19,8.25,48.0,C_PDL_accept
2021-04-19,2021,IS,0,-1,13918.75,13944.6875,13879.84375,25.9375,13879.84375,37.40625,1.4421686746987952,target,False,39,25.75,48.75,C_PDL_accept
2021-04-21,2021,IS,2,-1,13709.5,13725.6875,13685.21875,16.1875,13725.6875,-17.6875,-1.0926640926640927,stop,False,2,19.0,7.5,C_PDL_accept
2021-04-28,2021,IS,2,-1,13897.5,13915.6875,13870.21875,18.1875,13915.6875,-19.6875,-1.0824742268041236,stop,False,7,18.5,12.0,C_PDL_accept
2021-05-06,2021,IS,3,-1,13442.25,13469.9375,13400.71875,27.6875,13469.9375,-29.1875,-1.054176072234763,stop,False,4,39.25,17.75,C_PDL_accept
2021-05-10,2021,IS,0,-1,13567.75,13592.375,13530.8125,24.625,13530.8125,35.4375,1.4390862944162437,target,False,19,16.75,43.5,C_PDL_accept
2021-05-25,2021,IS,1,1,13703.25,13684.875,13730.8125,18.375,13684.875,-19.875,-1.0816326530612246,stop,False,2,21.25,6.75,C_PDL_accept
2021-05-28,2021,IS,4,1,13732.0,13716.1875,13755.71875,15.8125,13716.1875,-17.3125,-1.0948616600790513,stop,False,7,25.0,3.75,C_PDL_accept
2021-06-01,2021,IS,1,-1,13639.25,13657.6875,13611.59375,18.4375,13657.6875,-19.9375,-1.0813559322033899,stop,False,9,20.0,9.0,C_PDL_accept
2021-06-04,2021,IS,4,1,13744.5,13713.3125,13791.28125,31.1875,13732.25,-13.75,-0.4408817635270541,time,False,60,23.75,11.75,C_PDL_accept
2021-06-08,2021,IS,1,1,13841.5,13813.6875,13883.21875,27.8125,13813.6875,-29.3125,-1.053932584269663,stop,False,24,29.5,13.5,C_PDL_accept
2021-06-10,2021,IS,3,1,13934.5,13903.125,13981.5625,31.375,13903.125,-32.875,-1.047808764940239,stop,False,58,34.25,30.25,C_PDL_accept
2021-06-11,2021,IS,4,1,13984.5,13971.9375,14003.34375,12.5625,13971.9375,-14.0625,-1.1194029850746268,stop,False,3,19.0,1.0,C_PDL_accept
2021-06-14,2021,IS,0,1,14015.0,14003.625,14032.0625,11.375,14032.0625,15.5625,1.3681318681318682,target,False,3,2.0,17.5,C_PDL_accept
2021-06-17,2021,IS,3,1,14107.5,14089.625,14134.3125,17.875,14089.625,-19.375,-1.083916083916084,stop,False,26,20.5,21.0,C_PDL_accept
2021-06-21,2021,IS,0,-1,13966.75,14000.4375,13916.21875,33.6875,14000.4375,-35.1875,-1.044526901669759,stop,False,7,47.25,8.25,C_PDL_accept
2021-06-22,2021,IS,1,1,14166.0,14137.875,14208.1875,28.125,14137.875,-29.625,-1.0533333333333332,stop,False,7,32.5,10.75,C_PDL_accept
2021-06-23,2021,IS,2,1,14295.5,14276.8125,14323.53125,18.6875,14276.8125,-20.1875,-1.080267558528428,stop,False,19,22.75,5.0,C_PDL_accept
2021-06-28,2021,IS,0,1,14436.5,14424.625,14454.3125,11.875,14454.3125,16.3125,1.3736842105263158,target,False,6,8.25,18.25,C_PDL_accept
2021-07-06,2021,IS,1,1,14736.5,14717.0,14765.75,19.5,14717.0,-21.0,-1.0769230769230769,stop,False,22,19.5,17.75,C_PDL_accept
2021-07-12,2021,IS,0,1,14848.75,14824.5,14885.125,24.25,14824.5,-25.75,-1.0618556701030928,stop,False,7,27.75,9.25,C_PDL_accept
2021-07-13,2021,IS,1,1,14911.75,14878.5,14961.625,33.25,14961.625,48.375,1.4548872180451127,target,False,36,4.75,52.25,C_PDL_accept
2021-07-15,2021,IS,3,-1,14817.5,14842.1875,14780.46875,24.6875,14842.1875,-26.1875,-1.0607594936708862,stop,False,9,28.75,21.75,C_PDL_accept
2021-07-30,2021,IS,4,-1,14886.0,14909.0,14851.5,23.0,14909.0,-24.5,-1.065217391304348,stop,False,2,26.0,3.0,C_PDL_accept
2021-08-03,2021,IS,1,-1,14920.25,14929.1875,14906.84375,8.9375,14906.84375,11.90625,1.332167832167832,target,False,3,5.75,17.0,C_PDL_accept
2021-08-13,2021,IS,4,1,15101.25,15090.9375,15116.71875,10.3125,15090.9375,-11.8125,-1.1454545454545455,stop,False,14,12.5,10.0,C_PDL_accept
2021-08-16,2021,IS,0,-1,15043.5,15058.125,15021.5625,14.625,15021.5625,20.4375,1.3974358974358974,target,False,14,8.75,28.5,C_PDL_accept
2021-08-19,2021,IS,3,-1,14776.75,14811.6875,14724.34375,34.9375,14811.6875,-36.4375,-1.042933810375671,stop,False,6,49.0,3.0,C_PDL_accept
2021-08-20,2021,IS,4,1,15021.25,14987.0625,15072.53125,34.1875,15072.53125,49.78125,1.4561243144424132,target,False,26,12.5,51.5,C_PDL_accept
2021-08-25,2021,IS,2,1,15394.5,15380.5,15415.5,14.0,15380.5,-15.5,-1.1071428571428572,stop,False,7,16.25,0.75,C_PDL_accept
2021-08-26,2021,IS,3,-1,15298.5,15313.375,15276.1875,14.875,15276.1875,20.8125,1.3991596638655461,target,False,1,0.75,26.25,C_PDL_accept
2021-08-27,2021,IS,4,1,15381.75,15372.125,15396.1875,9.625,15396.1875,12.9375,1.344155844155844,target,False,3,4.25,16.75,C_PDL_accept
2021-09-01,2021,IS,2,1,15694.0,15678.375,15717.4375,15.625,15678.375,-17.125,-1.096,stop,False,8,21.75,5.0,C_PDL_accept
2021-09-08,2021,IS,2,-1,15593.0,15613.0,15563.0,20.0,15563.0,28.5,1.425,target,False,10,3.25,31.25,C_PDL_accept
2021-09-13,2021,IS,0,-1,15408.5,15443.0625,15356.65625,34.5625,15416.75,-9.75,-0.2820976491862568,time,False,60,32.25,51.0,C_PDL_accept
2021-09-23,2021,IS,3,1,15249.25,15215.5625,15299.78125,33.6875,15299.78125,49.03125,1.455473098330241,target,False,20,0.75,54.5,C_PDL_accept
2021-09-27,2021,IS,0,-1,15139.25,15200.3125,15047.65625,61.0625,15183.75,-46.0,-0.7533265097236438,time,False,60,58.75,55.25,C_PDL_accept
2021-10-01,2021,IS,4,-1,14631.25,14679.0,14559.625,47.75,14559.625,70.125,1.468586387434555,target,False,36,27.25,74.5,C_PDL_accept
2021-10-04,2021,IS,0,-1,14517.25,14546.75,14473.0,29.5,14473.0,42.75,1.4491525423728813,target,False,9,7.25,45.25,C_PDL_accept
2021-10-18,2021,IS,0,1,15159.5,15138.6875,15190.71875,20.8125,15138.6875,-22.3125,-1.072072072072072,stop,False,6,23.0,1.25,C_PDL_accept
2021-10-28,2021,IS,3,1,15737.5,15713.1875,15773.96875,24.3125,15713.1875,-25.8125,-1.0616966580976863,stop,False,13,25.25,10.0,C_PDL_accept
2021-11-02,2021,IS,1,1,15932.75,15921.4375,15949.71875,11.3125,15949.71875,15.46875,1.367403314917127,target,False,6,8.75,24.25,C_PDL_accept
2021-11-09,2021,IS,1,-1,16225.25,16247.125,16192.4375,21.875,16192.4375,31.3125,1.4314285714285715,target,False,11,16.5,35.75,C_PDL_accept
2021-11-15,2021,IS,0,1,16228.5,16211.6875,16253.71875,16.8125,16211.6875,-18.3125,-1.0892193308550187,stop,False,5,17.75,2.5,C_PDL_accept
2021-11-17,2021,IS,2,1,16347.25,16335.0,16365.625,12.25,16335.0,-13.75,-1.1224489795918366,stop,False,8,15.25,6.5,C_PDL_accept
2021-11-18,2021,IS,3,1,16416.0,16398.875,16441.6875,17.125,16398.875,-18.625,-1.0875912408759123,stop,False,4,30.0,5.0,C_PDL_accept
2021-12-17,2021,IS,4,-1,15753.25,15806.125,15673.9375,52.875,15673.9375,77.8125,1.4716312056737588,target,False,20,44.5,79.75,C_PDL_accept
2021-12-22,2021,IS,2,1,16010.25,15984.375,16049.0625,25.875,15984.375,-27.375,-1.0579710144927537,stop,False,19,28.75,34.5,C_PDL_accept
2021-12-27,2021,IS,0,1,16393.75,16373.625,16423.9375,20.125,16423.9375,28.6875,1.4254658385093169,target,False,4,0.75,36.25,C_PDL_accept
2021-12-29,2021,IS,2,-1,16435.25,16458.8125,16399.90625,23.5625,16399.90625,33.84375,1.436339522546419,target,False,3,4.75,47.75,C_PDL_accept
2021-12-31,2021,IS,4,-1,16389.0,16406.0,16363.5,17.0,16406.0,-18.5,-1.088235294117647,stop,False,5,17.5,5.0,C_PDL_accept
2022-01-05,2022,Validation,2,-1,16115.5,16137.375,16082.6875,21.875,16137.375,-23.375,-1.0685714285714285,stop,False,2,38.5,12.5,C_PDL_accept
2022-01-07,2022,Validation,4,-1,15551.0,15601.3125,15475.53125,50.3125,15601.3125,-51.8125,-1.0298136645962732,stop,False,37,57.75,41.0,C_PDL_accept
2022-01-13,2022,Validation,3,-1,15739.5,15772.1875,15690.46875,32.6875,15772.1875,-34.1875,-1.0458891013384322,stop,False,6,33.25,10.75,C_PDL_accept
2022-01-31,2022,Validation,0,1,14521.0,14484.1875,14576.21875,36.8125,14576.21875,53.71875,1.4592529711375213,target,False,7,17.0,57.0,C_PDL_accept
2022-02-02,2022,Validation,2,1,15174.5,15145.625,15217.8125,28.875,15145.625,-30.375,-1.051948051948052,stop,False,2,51.25,3.5,C_PDL_accept
2022-02-03,2022,Validation,3,-1,14784.0,14832.75,14710.875,48.75,14710.875,71.625,1.4692307692307693,target,False,57,30.5,78.25,C_PDL_accept
2022-02-08,2022,Validation,1,-1,14477.5,14511.125,14427.0625,33.625,14511.125,-35.125,-1.0446096654275092,stop,False,10,36.5,10.0,C_PDL_accept
2022-02-17,2022,Validation,3,-1,14359.5,14394.0,14307.75,34.5,14394.0,-36.0,-1.0434782608695652,stop,False,58,44.5,37.25,C_PDL_accept
2022-02-24,2022,Validation,3,-1,13405.5,13461.5,13321.5,56.0,13321.5,82.5,1.4732142857142858,target,False,17,29.5,97.5,C_PDL_accept
2022-03-14,2022,Validation,0,-1,13224.25,13279.125,13141.9375,54.875,13279.125,-56.375,-1.0273348519362187,stop,False,10,80.5,24.25,C_PDL_accept
2022-03-18,2022,Validation,4,1,14160.5,14139.25,14192.375,21.25,14192.375,30.375,1.4294117647058824,target,False,4,5.25,33.75,C_PDL_accept
2022-03-28,2022,Validation,0,1,14864.5,14826.0625,14922.15625,38.4375,14826.0625,-39.9375,-1.0390243902439025,stop,False,24,42.5,47.75,C_PDL_accept
2022-03-31,2022,Validation,3,-1,14991.25,15018.375,14950.5625,27.125,15018.375,-28.625,-1.055299539170507,stop,False,8,30.5,11.0,C_PDL_accept
2022-04-01,2022,Validation,4,-1,14817.0,14836.9375,14787.09375,19.9375,14836.9375,-21.4375,-1.0752351097178683,stop,False,7,26.0,8.75,C_PDL_accept
2022-04-04,2022,Validation,0,1,14986.5,14958.0,15029.25,28.5,15029.25,41.25,1.4473684210526316,target,False,9,13.25,43.25,C_PDL_accept
2022-04-19,2022,Validation,1,1,14035.75,13990.875,14103.0625,44.875,14103.0625,65.8125,1.466573816155989,target,False,32,3.25,73.5,C_PDL_accept
2022-04-22,2022,Validation,4,-1,13632.5,13664.75,13584.125,32.25,13664.75,-33.75,-1.0465116279069768,stop,False,2,50.75,16.25,C_PDL_accept
2022-05-02,2022,Validation,0,-1,12778.5,12832.0625,12698.15625,53.5625,12832.0625,-55.0625,-1.0280046674445742,stop,False,5,57.5,35.75,C_PDL_accept
2022-05-03,2022,Validation,1,1,13127.0,13091.1875,13180.71875,35.8125,13091.1875,-37.3125,-1.0418848167539267,stop,False,7,38.75,25.25,C_PDL_accept
2022-05-04,2022,Validation,2,-1,12948.75,12967.5625,12920.53125,18.8125,12967.5625,-20.3125,-1.079734219269103,stop,False,12,24.0,17.75,C_PDL_accept
2022-05-06,2022,Validation,4,-1,12643.0,12689.625,12573.0625,46.625,12573.0625,68.4375,1.467828418230563,target,False,12,10.5,99.5,C_PDL_accept
2022-05-19,2022,Validation,3,-1,11822.5,11884.125,11730.0625,61.625,11884.125,-63.125,-1.024340770791075,stop,False,8,71.25,27.25,C_PDL_accept
2022-05-24,2022,Validation,1,-1,11761.75,11792.625,11715.4375,30.875,11715.4375,44.8125,1.451417004048583,target,False,9,17.5,56.75,C_PDL_accept
2022-05-31,2022,Validation,1,-1,12635.75,12678.75,12571.25,43.0,12571.25,63.0,1.4651162790697674,target,False,5,1.5,69.75,C_PDL_accept
2022-06-08,2022,Validation,2,1,12767.25,12742.75,12804.0,24.5,12742.75,-26.0,-1.0612244897959184,stop,False,7,42.0,15.75,C_PDL_accept
2022-06-09,2022,Validation,3,-1,12530.25,12579.6875,12456.09375,49.4375,12579.6875,-50.9375,-1.0303413400758534,stop,False,9,64.75,24.25,C_PDL_accept
2022-06-22,2022,Validation,2,1,11704.25,11661.875,11767.8125,42.375,11661.875,-43.875,-1.0353982300884956,stop,False,35,51.25,41.5,C_PDL_accept
2022-06-28,2022,Validation,1,-1,11964.25,12003.125,11905.9375,38.875,11905.9375,56.8125,1.4614147909967845,target,False,51,27.0,68.75,C_PDL_accept
2022-06-29,2022,Validation,2,-1,11637.0,11663.75,11596.875,26.75,11596.875,38.625,1.4439252336448598,target,False,2,3.25,48.25,C_PDL_accept
2022-06-30,2022,Validation,3,-1,11522.75,11572.5,11448.125,49.75,11448.125,73.125,1.4698492462311559,target,False,9,40.25,81.0,C_PDL_accept
2022-07-06,2022,Validation,2,1,11865.0,11830.875,11916.1875,34.125,11830.875,-35.625,-1.043956043956044,stop,False,3,50.5,13.75,C_PDL_accept
2022-07-07,2022,Validation,3,1,11993.5,11974.875,12021.4375,18.625,12021.4375,26.4375,1.419463087248322,target,False,9,10.0,29.5,C_PDL_accept
2022-07-11,2022,Validation,0,-1,11935.0,11957.3125,11901.53125,22.3125,11901.53125,31.96875,1.4327731092436975,target,False,3,11.5,45.25,C_PDL_accept
2022-07-12,2022,Validation,1,-1,11810.25,11858.875,11737.3125,48.625,11858.875,-50.125,-1.0308483290488433,stop,False,16,49.5,5.25,C_PDL_accept
2022-07-22,2022,Validation,4,1,12683.0,12659.0625,12718.90625,23.9375,12659.0625,-25.4375,-1.0626631853785902,stop,False,2,46.75,15.5,C_PDL_accept
2022-07-25,2022,Validation,0,-1,12324.5,12352.25,12282.875,27.75,12352.25,-29.25,-1.054054054054054,stop,False,24,44.0,36.5,C_PDL_accept
2022-07-26,2022,Validation,1,-1,12235.25,12256.0,12204.125,20.75,12204.125,29.625,1.427710843373494,target,False,15,19.75,39.25,C_PDL_accept
2022-07-27,2022,Validation,2,1,12344.75,12327.9375,12369.96875,16.8125,12369.96875,23.71875,1.4107806691449813,target,False,5,2.0,30.25,C_PDL_accept
2022-08-03,2022,Validation,2,1,13119.5,13088.5,13166.0,31.0,13088.5,-32.5,-1.0483870967741935,stop,False,4,35.25,8.0,C_PDL_accept
2022-08-04,2022,Validation,3,1,13333.75,13301.9375,13381.46875,31.8125,13301.9375,-33.3125,-1.0471512770137525,stop,False,6,47.25,2.5,C_PDL_accept
2022-08-08,2022,Validation,0,1,13412.0,13378.0625,13462.90625,33.9375,13378.0625,-35.4375,-1.0441988950276244,stop,False,5,41.0,7.25,C_PDL_accept
2022-08-15,2022,Validation,0,1,13600.0,13584.375,13623.4375,15.625,13584.375,-17.125,-1.096,stop,False,4,25.25,6.25,C_PDL_accept
2022-08-19,2022,Validation,4,-1,13388.5,13424.8125,13334.03125,36.3125,13334.03125,52.96875,1.4586919104991394,target,False,9,4.25,56.0,C_PDL_accept
2022-08-25,2022,Validation,3,1,13042.75,13011.9375,13088.96875,30.8125,13088.96875,44.71875,1.4513184584178498,target,False,26,2.75,50.0,C_PDL_accept
2022-08-26,2022,Validation,4,-1,12891.25,12929.125,12834.4375,37.875,12834.4375,55.3125,1.4603960396039604,target,False,26,33.75,57.5,C_PDL_accept
2022-09-02,2022,Validation,4,1,12332.5,12285.375,12403.1875,47.125,12403.1875,69.1875,1.4681697612732096,target,False,19,0.75,75.0,C_PDL_accept
2022-09-06,2022,Validation,1,-1,12032.5,12064.375,11984.6875,31.875,11984.6875,46.3125,1.4529411764705882,target,False,7,16.0,55.5,C_PDL_accept
2022-09-15,2022,Validation,3,-1,12059.5,12091.1875,12011.96875,31.6875,12011.96875,46.03125,1.452662721893491,target,False,6,0.0,48.75,C_PDL_accept
2022-09-22,2022,Validation,3,-1,11612.75,11662.5,11538.125,49.75,11591.25,20.0,0.4020100502512563,time,False,60,28.5,46.5,C_PDL_accept
2022-09-27,2022,Validation,1,1,11566.25,11531.5625,11618.28125,34.6875,11531.5625,-36.1875,-1.0432432432432432,stop,False,5,47.0,0.75,C_PDL_accept
2022-10-14,2022,Validation,4,1,11191.25,11124.9375,11290.71875,66.3125,11124.9375,-67.8125,-1.0226201696512724,stop,False,3,72.25,4.5,C_PDL_accept
2022-10-25,2022,Validation,1,1,11558.25,11536.4375,11590.96875,21.8125,11536.4375,-23.3125,-1.0687679083094557,stop,False,5,30.5,13.75,C_PDL_accept
2022-10-27,2022,Validation,3,-1,11377.75,11418.125,11317.1875,40.375,11317.1875,59.0625,1.4628482972136223,target,False,10,33.75,80.5,C_PDL_accept
2022-11-23,2022,Validation,2,1,11780.5,11763.4375,11806.09375,17.0625,11806.09375,24.09375,1.4120879120879122,target,False,10,7.25,55.75,C_PDL_accept
2022-12-06,2022,Validation,1,-1,11723.0,11739.3125,11698.53125,16.3125,11698.53125,22.96875,1.4080459770114941,target,False,10,13.0,28.0,C_PDL_accept
2022-12-07,2022,Validation,2,-1,11461.25,11503.875,11397.3125,42.625,11503.875,-44.125,-1.035190615835777,stop,False,12,50.75,20.75,C_PDL_accept
2022-12-08,2022,Validation,3,1,11628.25,11598.4375,11672.96875,29.8125,11637.25,7.5,0.25157232704402516,time,False,60,20.75,43.0,C_PDL_accept
2022-12-16,2022,Validation,4,-1,11373.0,11413.6875,11311.96875,40.6875,11311.96875,59.53125,1.4631336405529953,target,False,59,12.75,65.75,C_PDL_accept
2022-12-19,2022,Validation,0,-1,11257.75,11277.4375,11228.21875,19.6875,11277.4375,-21.1875,-1.0761904761904761,stop,False,29,33.0,27.5,C_PDL_accept
2022-12-21,2022,Validation,2,1,11269.0,11251.25,11295.625,17.75,11251.25,-19.25,-1.0845070422535212,stop,False,5,22.0,4.75,C_PDL_accept
2022-12-22,2022,Validation,3,-1,11147.5,11196.8125,11073.53125,49.3125,11073.53125,72.46875,1.4695817490494296,target,False,30,9.75,75.75,C_PDL_accept
2023-01-17,2023,Validation,1,1,11661.25,11642.8125,11688.90625,18.4375,11642.8125,-19.9375,-1.0813559322033899,stop,False,30,29.0,23.75,C_PDL_accept
2023-01-18,2023,Validation,2,1,11704.0,11677.0625,11744.40625,26.9375,11677.0625,-28.4375,-1.0556844547563806,stop,False,3,31.75,13.0,C_PDL_accept
2023-01-23,2023,Validation,0,1,11700.0,11682.1875,11726.71875,17.8125,11726.71875,25.21875,1.4157894736842105,target,False,2,16.0,27.25,C_PDL_accept
2023-01-27,2023,Validation,4,1,12133.25,12117.5625,12156.78125,15.6875,12117.5625,-17.1875,-1.095617529880478,stop,False,11,20.25,13.75,C_PDL_accept
2023-01-30,2023,Validation,0,-1,11988.25,12023.3125,11935.65625,35.0625,12023.3125,-36.5625,-1.0427807486631016,stop,False,18,43.5,5.75,C_PDL_accept
2023-02-14,2023,Validation,1,1,12621.0,12564.25,12706.125,56.75,12564.25,-58.25,-1.026431718061674,stop,False,33,59.0,52.5,C_PDL_accept
2023-02-22,2023,Validation,2,-1,12068.5,12093.5,12031.0,25.0,12093.5,-26.5,-1.06,stop,False,44,30.0,34.5,C_PDL_accept
2023-02-24,2023,Validation,4,-1,11985.0,12038.5,11904.75,53.5,11952.5,31.0,0.5794392523364486,time,False,60,12.5,53.0,C_PDL_accept
2023-03-07,2023,Validation,1,-1,12242.5,12257.5625,12219.90625,15.0625,12219.90625,21.09375,1.400414937759336,target,False,5,11.0,38.25,C_PDL_accept
2023-03-08,2023,Validation,2,-1,12118.0,12136.0,12091.0,18.0,12136.0,-19.5,-1.0833333333333333,stop,False,1,34.0,6.75,C_PDL_accept
2023-03-09,2023,Validation,3,1,12281.75,12246.75,12334.25,35.0,12334.25,51.0,1.457142857142857,target,False,16,21.25,57.75,C_PDL_accept
2023-03-10,2023,Validation,4,-1,11945.75,11992.625,11875.4375,46.875,11875.4375,68.8125,1.468,target,False,12,27.75,73.75,C_PDL_accept
2023-03-22,2023,Validation,2,1,12932.25,12913.0,12961.125,19.25,12913.0,-20.75,-1.077922077922078,stop,False,19,21.25,5.0,C_PDL_accept
2023-03-27,2023,Validation,0,1,12946.25,12912.3125,12997.15625,33.9375,12912.3125,-35.4375,-1.0441988950276244,stop,False,31,51.25,19.0,C_PDL_accept
2023-03-28,2023,Validation,1,-1,12738.75,12759.3125,12707.90625,20.5625,12707.90625,29.34375,1.4270516717325228,target,False,5,2.5,36.75,C_PDL_accept
2023-03-31,2023,Validation,4,1,13127.75,13107.625,13157.9375,20.125,13157.9375,28.6875,1.4254658385093169,target,False,24,11.0,30.75,C_PDL_accept
2023-04-05,2023,Validation,2,-1,13152.5,13168.3125,13128.78125,15.8125,13128.78125,22.21875,1.4051383399209487,target,False,13,9.75,28.75,C_PDL_accept
2023-04-06,2023,Validation,3,-1,12975.5,12999.125,12940.0625,23.625,12999.125,-25.125,-1.0634920634920635,stop,False,28,27.0,22.25,C_PDL_accept
2023-04-14,2023,Validation,4,1,13247.5,13218.4375,13291.09375,29.0625,13218.4375,-30.5625,-1.0516129032258064,stop,False,4,34.25,4.25,C_PDL_accept
2023-04-25,2023,Validation,1,-1,12948.75,12963.875,12926.0625,15.125,12963.875,-16.625,-1.0991735537190082,stop,False,38,17.25,18.75,C_PDL_accept
2023-05-02,2023,Validation,1,-1,13233.75,13246.6875,13214.34375,12.9375,13214.34375,17.90625,1.3840579710144927,target,False,11,11.25,28.75,C_PDL_accept
2023-05-04,2023,Validation,3,-1,13047.5,13075.4375,13005.59375,27.9375,13075.4375,-29.4375,-1.0536912751677852,stop,False,3,28.75,0.0,C_PDL_accept
2023-05-05,2023,Validation,4,1,13187.75,13167.4375,13218.21875,20.3125,13218.21875,28.96875,1.426153846153846,target,False,10,2.75,35.75,C_PDL_accept
2023-05-12,2023,Validation,4,1,13482.5,13472.5,13497.5,10.0,13472.5,-11.5,-1.15,stop,False,4,10.0,4.75,C_PDL_accept
2023-05-16,2023,Validation,1,1,13498.25,13481.8125,13522.90625,16.4375,13481.8125,-17.9375,-1.091254752851711,stop,False,7,21.25,17.5,C_PDL_accept
2023-05-18,2023,Validation,3,1,13678.5,13665.5625,13697.90625,12.9375,13697.90625,17.90625,1.3840579710144927,target,False,3,2.75,22.5,C_PDL_accept
2023-05-19,2023,Validation,4,1,13924.25,13910.6875,13944.59375,13.5625,13910.6875,-15.0625,-1.1105990783410138,stop,False,2,15.25,0.25,C_PDL_accept
2023-05-31,2023,Validation,2,-1,14323.75,14341.5625,14297.03125,17.8125,14297.03125,25.21875,1.4157894736842105,target,False,5,12.25,28.0,C_PDL_accept
2023-06-05,2023,Validation,0,1,14646.75,14632.0625,14668.78125,14.6875,14632.0625,-16.1875,-1.102127659574468,stop,False,5,21.0,5.5,C_PDL_accept
2023-06-07,2023,Validation,2,1,14636.5,14617.125,14665.5625,19.375,14665.5625,27.5625,1.4225806451612903,target,False,2,1.75,30.5,C_PDL_accept
2023-06-14,2023,Validation,2,1,15167.5,15149.75,15194.125,17.75,15149.75,-19.25,-1.0845070422535212,stop,False,4,23.25,4.25,C_PDL_accept
2023-06-28,2023,Validation,2,1,15154.5,15137.625,15179.8125,16.875,15179.8125,23.8125,1.4111111111111112,target,False,5,2.75,27.0,C_PDL_accept
2023-07-05,2023,Validation,2,1,15386.0,15362.8125,15420.78125,23.1875,15420.78125,33.28125,1.435309973045822,target,False,42,21.25,37.5,C_PDL_accept
2023-07-10,2023,Validation,0,-1,15150.0,15179.8125,15105.28125,29.8125,15105.28125,43.21875,1.449685534591195,target,False,7,1.25,47.75,C_PDL_accept
2023-07-11,2023,Validation,1,1,15230.25,15215.125,15252.9375,15.125,15215.125,-16.625,-1.0991735537190082,stop,False,3,36.75,3.25,C_PDL_accept
2023-07-14,2023,Validation,4,1,15755.0,15741.8125,15774.78125,13.1875,15774.78125,18.28125,1.386255924170616,target,False,5,3.75,21.25,C_PDL_accept
2023-07-24,2023,Validation,0,-1,15488.25,15505.0625,15463.03125,16.8125,15505.0625,-18.3125,-1.0892193308550187,stop,False,2,20.0,3.75,C_PDL_accept
2023-07-25,2023,Validation,1,1,15633.25,15614.6875,15661.09375,18.5625,15614.6875,-20.0625,-1.0808080808080809,stop,False,2,21.5,0.25,C_PDL_accept
2023-07-26,2023,Validation,2,-1,15533.25,15551.1875,15506.34375,17.9375,15551.1875,-19.4375,-1.083623693379791,stop,False,19,20.25,18.25,C_PDL_accept
2023-08-01,2023,Validation,1,-1,15767.5,15797.1875,15722.96875,29.6875,15797.1875,-31.1875,-1.0505263157894738,stop,False,4,33.75,3.25,C_PDL_accept
2023-08-04,2023,Validation,4,1,15578.0,15537.8125,15638.28125,40.1875,15537.8125,-41.6875,-1.0373250388802489,stop,False,4,50.5,3.5,C_PDL_accept
2023-08-08,2023,Validation,1,-1,15313.25,15345.0625,15265.53125,31.8125,15265.53125,46.21875,1.4528487229862475,target,False,16,12.75,48.25,C_PDL_accept
2023-08-09,2023,Validation,2,-1,15206.5,15225.625,15177.8125,19.125,15225.625,-20.625,-1.0784313725490196,stop,False,5,20.0,7.75,C_PDL_accept
2023-08-16,2023,Validation,2,-1,15057.75,15083.25,15019.5,25.5,15083.25,-27.0,-1.0588235294117647,stop,False,2,38.5,2.75,C_PDL_accept
2023-08-25,2023,Validation,4,-1,14788.0,14821.25,14738.125,33.25,14821.25,-34.75,-1.0451127819548873,stop,False,23,51.75,36.25,C_PDL_accept
2023-08-28,2023,Validation,0,1,15073.75,15041.0,15122.875,32.75,15041.0,-34.25,-1.0458015267175573,stop,False,3,35.5,5.25,C_PDL_accept
2023-08-29,2023,Validation,1,1,15155.25,15130.875,15191.8125,24.375,15191.8125,35.0625,1.4384615384615385,target,False,15,11.5,49.0,C_PDL_accept
2023-08-31,2023,Validation,3,1,15549.25,15528.1875,15580.84375,21.0625,15528.1875,-22.5625,-1.0712166172106825,stop,False,1,33.75,4.5,C_PDL_accept
2023-09-05,2023,Validation,1,-1,15479.5,15503.3125,15443.78125,23.8125,15443.78125,34.21875,1.437007874015748,target,False,22,22.0,36.75,C_PDL_accept
2023-09-06,2023,Validation,2,-1,15407.0,15426.75,15377.375,19.75,15426.75,-21.25,-1.0759493670886076,stop,False,14,24.75,21.5,C_PDL_accept
2023-09-14,2023,Validation,3,1,15633.0,15612.625,15663.5625,20.375,15663.5625,29.0625,1.4263803680981595,target,False,10,6.75,35.75,C_PDL_accept
2023-10-12,2023,Validation,3,1,15437.5,15415.875,15469.9375,21.625,15415.875,-23.125,-1.069364161849711,stop,False,19,26.75,23.5,C_PDL_accept
2023-10-13,2023,Validation,4,-1,15193.0,15225.875,15143.6875,32.875,15143.6875,47.8125,1.4543726235741445,target,False,57,17.0,52.5,C_PDL_accept
2023-10-20,2023,Validation,4,-1,14817.75,14840.625,14783.4375,22.875,14840.625,-24.375,-1.0655737704918034,stop,False,5,34.75,7.0,C_PDL_accept
2023-10-25,2023,Validation,2,-1,14689.5,14709.25,14659.875,19.75,14659.875,28.125,1.4240506329113924,target,False,3,5.75,38.0,C_PDL_accept
2023-10-26,2023,Validation,3,-1,14397.75,14441.1875,14332.59375,43.4375,14332.59375,63.65625,1.4654676258992805,target,False,15,31.5,71.25,C_PDL_accept
2023-10-30,2023,Validation,0,1,14426.25,14409.75,14451.0,16.5,14451.0,23.25,1.4090909090909092,target,False,7,11.0,25.0,C_PDL_accept
2023-11-06,2023,Validation,0,1,15236.25,15223.5,15255.375,12.75,15223.5,-14.25,-1.1176470588235294,stop,False,1,13.25,2.25,C_PDL_accept
2023-11-20,2023,Validation,0,1,15960.75,15937.0625,15996.28125,23.6875,15996.28125,34.03125,1.4366754617414248,target,False,24,11.75,36.25,C_PDL_accept
2023-11-22,2023,Validation,2,1,16150.25,16116.125,16201.4375,34.125,16116.125,-35.625,-1.043956043956044,stop,False,15,37.0,23.25,C_PDL_accept
2023-11-24,2023,Validation,4,-1,16019.25,16031.0,16001.625,11.75,16031.0,-13.25,-1.127659574468085,stop,False,18,12.5,12.75,C_PDL_accept
2023-11-30,2023,Validation,3,-1,15991.5,16009.3125,15964.78125,17.8125,15964.78125,25.21875,1.4157894736842105,target,False,3,2.75,28.75,C_PDL_accept
2023-12-08,2023,Validation,4,1,16103.5,16065.875,16159.9375,37.625,16065.875,-39.125,-1.0398671096345515,stop,False,18,47.5,10.0,C_PDL_accept
2023-12-18,2023,Validation,0,1,16896.25,16883.5625,16915.28125,12.6875,16883.5625,-14.1875,-1.1182266009852218,stop,False,8,20.0,6.5,C_PDL_accept
2023-12-26,2023,Validation,1,1,17051.0,17037.875,17070.6875,13.125,17037.875,-14.625,-1.1142857142857143,stop,False,7,17.0,1.0,C_PDL_accept
2023-12-29,2023,Validation,4,-1,17065.5,17081.75,17041.125,16.25,17041.125,22.875,1.4076923076923078,target,False,4,3.0,26.5,C_PDL_accept
2024-01-08,2024,Validation,0,1,16609.25,16575.25,16660.25,34.0,16660.25,49.5,1.4558823529411764,target,False,51,0.25,53.75,C_PDL_accept
2024-01-11,2024,Validation,3,1,17015.0,16973.8125,17076.78125,41.1875,16973.8125,-42.6875,-1.0364188163884673,stop,False,11,53.0,28.5,C_PDL_accept
2024-01-16,2024,Validation,1,-1,16911.75,16941.375,16867.3125,29.625,16867.3125,42.9375,1.4493670886075949,target,False,7,3.25,48.25,C_PDL_accept
2024-01-17,2024,Validation,2,-1,16773.0,16802.125,16729.3125,29.125,16729.3125,42.1875,1.4484978540772533,target,False,14,10.5,51.0,C_PDL_accept
2024-01-22,2024,Validation,0,1,17489.75,17472.4375,17515.71875,17.3125,17472.4375,-18.8125,-1.0866425992779782,stop,False,1,17.75,0.25,C_PDL_accept
2024-02-07,2024,Validation,2,1,17805.75,17768.3125,17861.90625,37.4375,17861.90625,54.65625,1.4599332220367278,target,False,16,5.25,62.0,C_PDL_accept
2024-02-08,2024,Validation,3,1,17890.75,17873.1875,17917.09375,17.5625,17873.1875,-19.0625,-1.085409252669039,stop,False,13,18.5,1.75,C_PDL_accept
2024-02-12,2024,Validation,0,1,18080.75,18069.8125,18097.15625,10.9375,18069.8125,-12.4375,-1.1371428571428572,stop,False,8,17.5,3.5,C_PDL_accept
2024-02-16,2024,Validation,4,-1,17753.0,17783.75,17706.875,30.75,17783.75,-32.25,-1.048780487804878,stop,False,17,38.25,35.25,C_PDL_accept
2024-03-01,2024,Validation,4,1,18134.25,18100.875,18184.3125,33.375,18100.875,-34.875,-1.0449438202247192,stop,False,17,39.0,10.25,C_PDL_accept
2024-03-07,2024,Validation,3,1,18216.0,18147.8125,18318.28125,68.1875,18147.8125,-69.6875,-1.0219981668194318,stop,False,9,74.5,9.75,C_PDL_accept
2024-03-08,2024,Validation,4,1,18387.5,18346.4375,18449.09375,41.0625,18346.4375,-42.5625,-1.0365296803652968,stop,False,47,43.0,49.0,C_PDL_accept
2024-03-14,2024,Validation,3,-1,18248.0,18269.4375,18215.84375,21.4375,18215.84375,30.65625,1.4300291545189505,target,False,10,17.0,42.5,C_PDL_accept
2024-03-15,2024,Validation,4,-1,18121.5,18169.6875,18049.21875,48.1875,18068.0,52.0,1.0791180285343709,time,False,60,9.25,71.5,C_PDL_accept
2024-03-27,2024,Validation,2,-1,18400.0,18425.3125,18362.03125,25.3125,18425.3125,-26.8125,-1.0592592592592593,stop,False,13,29.25,21.5,C_PDL_accept
2024-04-01,2024,Validation,0,1,18564.0,18532.8125,18610.78125,31.1875,18532.8125,-32.6875,-1.0480961923847696,stop,False,44,41.0,43.0,C_PDL_accept
2024-04-09,2024,Validation,1,1,18399.75,18364.25,18453.0,35.5,18364.25,-37.0,-1.0422535211267605,stop,False,8,43.5,3.25,C_PDL_accept
2024-04-18,2024,Validation,3,-1,17587.75,17614.5625,17547.53125,26.8125,17614.5625,-28.3125,-1.055944055944056,stop,False,11,40.5,35.75,C_PDL_accept
2024-04-19,2024,Validation,4,-1,17472.5,17526.625,17391.3125,54.125,17391.3125,79.6875,1.4722863741339491,target,False,31,12.5,83.75,C_PDL_accept
2024-05-06,2024,Validation,0,1,18069.0,18045.375,18104.4375,23.625,18104.4375,33.9375,1.4365079365079365,target,False,16,0.25,37.5,C_PDL_accept
2024-05-07,2024,Validation,1,1,18211.75,18196.125,18235.1875,15.625,18196.125,-17.125,-1.096,stop,False,2,19.75,2.25,C_PDL_accept
2024-05-14,2024,Validation,1,1,18363.25,18327.4375,18416.96875,35.8125,18327.4375,-37.3125,-1.0418848167539267,stop,False,9,50.5,7.5,C_PDL_accept
2024-05-20,2024,Validation,0,1,18694.75,18681.6875,18714.34375,13.0625,18714.34375,18.09375,1.3851674641148326,target,False,15,7.25,28.5,C_PDL_accept
2024-05-22,2024,Validation,2,1,18821.5,18805.0625,18846.15625,16.4375,18805.0625,-17.9375,-1.091254752851711,stop,False,6,19.75,4.75,C_PDL_accept
2024-05-23,2024,Validation,3,1,18906.0,18882.3125,18941.53125,23.6875,18882.3125,-25.1875,-1.0633245382585752,stop,False,2,24.0,8.0,C_PDL_accept
2024-05-30,2024,Validation,3,-1,18714.5,18746.8125,18666.03125,32.3125,18746.8125,-33.8125,-1.04642166344294,stop,False,6,33.0,17.5,C_PDL_accept
2024-06-03,2024,Validation,0,1,18694.75,18671.3125,18729.90625,23.4375,18671.3125,-24.9375,-1.064,stop,False,18,23.75,15.25,C_PDL_accept
2024-06-06,2024,Validation,3,1,19103.75,19086.875,19129.0625,16.875,19086.875,-18.375,-1.0888888888888888,stop,False,13,19.5,2.75,C_PDL_accept
2024-06-21,2024,Validation,4,-1,19929.5,19964.0625,19877.65625,34.5625,19964.0625,-36.0625,-1.0433996383363473,stop,False,9,48.5,15.25,C_PDL_accept
2024-06-24,2024,Validation,0,-1,19890.75,19924.375,19840.3125,33.625,19924.375,-35.125,-1.0446096654275092,stop,False,10,35.75,24.0,C_PDL_accept
2024-06-27,2024,Validation,3,1,20091.25,20066.6875,20128.09375,24.5625,20066.6875,-26.0625,-1.0610687022900764,stop,False,5,32.75,10.25,C_PDL_accept
2024-06-28,2024,Validation,4,1,20137.25,20107.375,20182.0625,29.875,20182.0625,43.3125,1.4497907949790796,target,False,11,12.0,47.25,C_PDL_accept
2024-07-01,2024,Validation,0,-1,19875.75,19905.5625,19831.03125,29.8125,19905.5625,-31.3125,-1.050314465408805,stop,False,13,44.25,34.5,C_PDL_accept
2024-07-09,2024,Validation,1,1,20701.25,20690.125,20717.9375,11.125,20717.9375,15.1875,1.3651685393258426,target,False,4,3.75,23.5,C_PDL_accept
2024-07-18,2024,Validation,3,-1,19941.0,19977.0,19887.0,36.0,19977.0,-37.5,-1.0416666666666667,stop,False,3,37.0,9.75,C_PDL_accept
2024-07-22,2024,Validation,0,1,20017.75,19963.3125,20099.40625,54.4375,19963.3125,-55.9375,-1.0275545350172215,stop,False,11,57.25,9.0,C_PDL_accept
2024-07-25,2024,Validation,3,-1,19126.25,19179.75,19046.0,53.5,19179.75,-55.0,-1.02803738317757,stop,False,6,67.25,18.5,C_PDL_accept
2024-07-31,2024,Validation,2,1,19398.5,19327.0625,19505.65625,71.4375,19327.0625,-72.9375,-1.020997375328084,stop,False,4,78.5,16.0,C_PDL_accept
2024-08-12,2024,Validation,0,1,18699.5,18676.75,18733.625,22.75,18733.625,32.625,1.434065934065934,target,False,16,10.25,40.25,C_PDL_accept
2024-08-20,2024,Validation,1,1,19890.25,19860.5625,19934.78125,29.6875,19860.5625,-31.1875,-1.0505263157894738,stop,False,21,31.25,34.75,C_PDL_accept
2024-08-21,2024,Validation,2,1,19946.0,19927.6875,19973.46875,18.3125,19973.46875,25.96875,1.418088737201365,target,False,2,0.0,34.5,C_PDL_accept
2024-08-26,2024,Validation,0,-1,19566.0,19591.3125,19528.03125,25.3125,19528.03125,36.46875,1.4407407407407407,target,False,6,8.0,56.5,C_PDL_accept
2024-08-27,2024,Validation,1,-1,19478.5,19521.25,19414.375,42.75,19521.25,-44.25,-1.0350877192982457,stop,False,12,42.75,37.0,C_PDL_accept
2024-09-04,2024,Validation,2,-1,18886.75,18914.875,18844.5625,28.125,18914.875,-29.625,-1.0533333333333332,stop,False,4,63.5,6.0,C_PDL_accept
2024-09-05,2024,Validation,3,1,19140.75,19097.0625,19206.28125,43.6875,19097.0625,-45.1875,-1.0343347639484979,stop,False,3,46.5,9.75,C_PDL_accept
2024-09-10,2024,Validation,1,1,18766.5,18717.5625,18839.90625,48.9375,18717.5625,-50.4375,-1.0306513409961686,stop,False,29,61.75,50.5,C_PDL_accept
2024-09-12,2024,Validation,3,1,19312.75,19289.1875,19348.09375,23.5625,19348.09375,33.84375,1.436339522546419,target,False,10,19.0,37.25,C_PDL_accept
2024-09-16,2024,Validation,0,1,19597.0,19565.75,19643.875,31.25,19643.875,45.375,1.452,target,False,11,10.0,54.25,C_PDL_accept
2024-09-25,2024,Validation,2,1,20231.5,20208.0625,20266.65625,23.4375,20266.65625,33.65625,1.436,target,False,16,8.0,36.25,C_PDL_accept
2024-09-30,2024,Validation,0,-1,20141.75,20173.6875,20093.84375,31.9375,20173.6875,-33.4375,-1.0469667318982387,stop,False,4,33.25,14.25,C_PDL_accept
2024-10-01,2024,Validation,1,-1,20040.0,20067.4375,19998.84375,27.4375,20067.4375,-28.9375,-1.0546697038724373,stop,False,1,28.0,1.75,C_PDL_accept
2024-10-09,2024,Validation,2,1,20345.75,20319.5625,20385.03125,26.1875,20319.5625,-27.6875,-1.0572792362768497,stop,False,19,29.5,10.75,C_PDL_accept
2024-10-16,2024,Validation,2,-1,20242.5,20259.625,20216.8125,17.125,20216.8125,24.1875,1.4124087591240877,target,False,12,16.0,27.25,C_PDL_accept
2024-10-29,2024,Validation,1,-1,20455.5,20481.4375,20416.59375,25.9375,20481.4375,-27.4375,-1.0578313253012048,stop,False,11,31.5,23.25,C_PDL_accept
2024-11-05,2024,Validation,1,1,20262.5,20240.875,20294.9375,21.625,20294.9375,30.9375,1.430635838150289,target,False,2,1.75,32.5,C_PDL_accept
2024-11-11,2024,Validation,0,1,21279.25,21261.0625,21306.53125,18.1875,21261.0625,-19.6875,-1.0824742268041236,stop,False,2,27.25,3.0,C_PDL_accept
2024-11-25,2024,Validation,0,1,20921.0,20892.5,20963.75,28.5,20892.5,-30.0,-1.0526315789473684,stop,False,2,29.5,0.75,C_PDL_accept
2024-11-27,2024,Validation,2,-1,20733.0,20754.4375,20700.84375,21.4375,20754.4375,-22.9375,-1.0699708454810495,stop,False,4,30.25,7.0,C_PDL_accept
2024-11-29,2024,Validation,4,1,20929.25,20898.375,20975.5625,30.875,20975.5625,44.8125,1.451417004048583,target,False,37,0.0,52.5,C_PDL_accept
2024-12-06,2024,Validation,4,1,21589.0,21566.625,21622.5625,22.375,21622.5625,32.0625,1.4329608938547487,target,False,15,7.0,35.0,C_PDL_accept
2025-01-07,2025,OOS,1,-1,21432.0,21466.0625,21380.90625,34.0625,21466.0625,-35.5625,-1.0440366972477064,stop,False,12,38.25,32.5,C_PDL_accept
2025-01-08,2025,OOS,2,-1,21244.0,21300.6875,21158.96875,56.6875,21300.6875,-58.1875,-1.0264608599779492,stop,False,10,73.75,13.0,C_PDL_accept
2025-01-13,2025,OOS,0,-1,20825.25,20884.1875,20736.84375,58.9375,20792.75,31.0,0.5259809119830329,time,False,60,10.0,81.5,C_PDL_accept
2025-01-14,2025,OOS,1,1,21072.25,21022.3125,21147.15625,49.9375,21022.3125,-51.4375,-1.0300375469336671,stop,False,19,66.25,57.5,C_PDL_accept
2025-01-30,2025,OOS,3,1,21735.75,21700.4375,21788.71875,35.3125,21700.4375,-36.8125,-1.0424778761061948,stop,False,4,46.25,13.0,C_PDL_accept
2025-02-04,2025,OOS,1,1,21618.75,21554.75,21714.75,64.0,21660.75,40.5,0.6328125,time,False,60,3.5,61.25,C_PDL_accept
2025-02-18,2025,OOS,1,-1,22179.0,22196.6875,22152.46875,17.6875,22196.6875,-19.1875,-1.0848056537102473,stop,False,2,26.5,2.75,C_PDL_accept
2025-02-20,2025,OOS,3,-1,22091.25,22111.75,22060.5,20.5,22060.5,29.25,1.4268292682926829,target,False,1,3.25,51.25,C_PDL_accept
2025-02-24,2025,OOS,0,-1,21613.75,21641.75,21571.75,28.0,21571.75,40.5,1.4464285714285714,target,False,5,10.5,47.5,C_PDL_accept
2025-02-27,2025,OOS,3,-1,21006.75,21062.0625,20923.78125,55.3125,20923.78125,81.46875,1.4728813559322034,target,False,1,2.25,88.5,C_PDL_accept
2025-02-28,2025,OOS,4,-1,20502.0,20534.8125,20452.78125,32.8125,20534.8125,-34.3125,-1.0457142857142858,stop,False,1,33.5,30.5,C_PDL_accept
2025-03-07,2025,OOS,4,-1,19956.25,20018.0625,19863.53125,61.8125,20018.0625,-63.3125,-1.0242669362992922,stop,False,17,130.75,68.5,C_PDL_accept
2025-03-10,2025,OOS,0,-1,19713.75,19786.625,19604.4375,72.875,19604.4375,107.8125,1.479416809605489,target,False,44,35.75,122.75,C_PDL_accept
2025-03-17,2025,OOS,0,1,19805.0,19749.0625,19888.90625,55.9375,19749.0625,-57.4375,-1.0268156424581005,stop,False,13,61.0,42.75,C_PDL_accept
2025-03-21,2025,OOS,4,-1,19690.25,19763.9375,19579.71875,73.6875,19763.9375,-75.1875,-1.020356234096692,stop,False,16,82.5,27.25,C_PDL_accept
2025-03-26,2025,OOS,2,-1,20259.25,20276.4375,20233.46875,17.1875,20233.46875,24.28125,1.4127272727272728,target,False,3,0.25,32.25,C_PDL_accept
2025-03-27,2025,OOS,3,-1,19979.0,20013.0625,19927.90625,34.0625,20013.0625,-35.5625,-1.0440366972477064,stop,False,16,45.75,41.75,C_PDL_accept
2025-04-28,2025,OOS,0,1,19621.25,19579.6875,19683.59375,41.5625,19579.6875,-43.0625,-1.0360902255639097,stop,False,3,61.75,1.5,C_PDL_accept
2025-05-01,2025,OOS,3,1,19915.75,19882.125,19966.1875,33.625,19882.125,-35.125,-1.0446096654275092,stop,False,11,35.5,39.0,C_PDL_accept
2025-05-02,2025,OOS,4,1,20170.0,20100.6875,20273.96875,69.3125,20188.25,16.75,0.24165915238954014,time,False,60,57.5,20.75,C_PDL_accept
2025-05-13,2025,OOS,1,1,21034.0,20972.0625,21126.90625,61.9375,21126.90625,91.40625,1.475782038345106,target,False,24,14.0,97.75,C_PDL_accept
2025-05-14,2025,OOS,2,1,21370.0,21333.9375,21424.09375,36.0625,21333.9375,-37.5625,-1.0415944540727904,stop,False,12,51.0,35.25,C_PDL_accept
2025-05-27,2025,OOS,1,1,21344.25,21290.5625,21424.78125,53.6875,21368.5,22.75,0.42374854481955765,time,False,60,3.0,45.25,C_PDL_accept
2025-06-02,2025,OOS,0,1,21456.25,21422.6875,21506.59375,33.5625,21422.6875,-35.0625,-1.0446927374301676,stop,False,2,39.0,0.0,C_PDL_accept
2025-06-04,2025,OOS,2,1,21784.5,21756.5625,21826.40625,27.9375,21756.5625,-29.4375,-1.0536912751677852,stop,False,6,28.5,8.75,C_PDL_accept
2025-06-13,2025,OOS,4,-1,21684.0,21731.3125,21613.03125,47.3125,21731.3125,-48.8125,-1.0317040951122853,stop,False,29,49.0,67.0,C_PDL_accept
2025-06-26,2025,OOS,3,1,22563.75,22539.875,22599.5625,23.875,22539.875,-25.375,-1.0628272251308901,stop,False,3,26.5,8.75,C_PDL_accept
2025-06-30,2025,OOS,0,1,22842.5,22826.0625,22867.15625,16.4375,22826.0625,-17.9375,-1.091254752851711,stop,False,2,19.75,4.5,C_PDL_accept
2025-07-01,2025,OOS,1,-1,22727.75,22758.3125,22681.90625,30.5625,22681.90625,44.34375,1.450920245398773,target,False,21,6.5,53.25,C_PDL_accept
2025-07-09,2025,OOS,2,1,23005.0,22971.1875,23055.71875,33.8125,22971.1875,-35.3125,-1.044362292051756,stop,False,8,37.25,2.25,C_PDL_accept
2025-07-11,2025,OOS,4,-1,22874.5,22905.6875,22827.71875,31.1875,22905.6875,-32.6875,-1.0480961923847696,stop,False,5,57.75,11.5,C_PDL_accept
2025-07-16,2025,OOS,2,-1,22965.75,23004.75,22907.25,39.0,23004.75,-40.5,-1.0384615384615385,stop,False,28,42.75,17.0,C_PDL_accept
2025-07-17,2025,OOS,3,1,23123.5,23090.625,23172.8125,32.875,23172.8125,47.8125,1.4543726235741445,target,False,19,9.0,51.75,C_PDL_accept
2025-07-18,2025,OOS,4,1,23297.0,23279.625,23323.0625,17.375,23279.625,-18.875,-1.0863309352517985,stop,False,4,27.5,13.0,C_PDL_accept
2025-07-21,2025,OOS,0,1,23335.25,23314.0625,23367.03125,21.1875,23367.03125,30.28125,1.4292035398230087,target,False,4,4.25,35.75,C_PDL_accept
2025-07-22,2025,OOS,1,-1,23162.75,23182.75,23132.75,20.0,23132.75,28.5,1.425,target,False,1,3.0,32.0,C_PDL_accept
2025-08-19,2025,OOS,1,-1,23681.25,23699.75,23653.5,18.5,23699.75,-20.0,-1.0810810810810811,stop,False,5,23.0,21.25,C_PDL_accept
2025-08-20,2025,OOS,2,-1,23379.75,23409.1875,23335.59375,29.4375,23335.59375,42.65625,1.4490445859872612,target,False,13,22.75,57.5,C_PDL_accept
2025-08-22,2025,OOS,4,1,23480.25,23429.25,23556.75,51.0,23556.75,75.0,1.4705882352941178,target,False,7,1.75,91.25,C_PDL_accept
2025-08-28,2025,OOS,3,1,23720.75,23690.125,23766.6875,30.625,23690.125,-32.125,-1.0489795918367346,stop,False,4,33.25,21.5,C_PDL_accept
2025-08-29,2025,OOS,4,-1,23466.5,23497.625,23419.8125,31.125,23497.625,-32.625,-1.0481927710843373,stop,False,16,31.5,38.5,C_PDL_accept
2025-09-16,2025,OOS,1,1,24567.75,24550.125,24594.1875,17.625,24550.125,-19.125,-1.0851063829787233,stop,False,1,19.75,2.5,C_PDL_accept
2025-09-17,2025,OOS,2,-1,24482.75,24506.9375,24446.46875,24.1875,24506.9375,-25.6875,-1.062015503875969,stop,False,12,32.75,22.5,C_PDL_accept
2025-10-14,2025,OOS,1,-1,24466.25,24569.875,24310.8125,103.625,24569.875,-105.125,-1.014475271411339,stop,False,13,105.5,45.25,C_PDL_accept
2025-10-15,2025,OOS,2,1,25083.5,25027.625,25167.3125,55.875,25105.0,20.0,0.3579418344519016,time,False,60,13.25,31.5,C_PDL_accept
2025-10-28,2025,OOS,1,1,26037.5,26007.375,26082.6875,30.125,26007.375,-31.625,-1.049792531120332,stop,False,48,31.5,19.25,C_PDL_accept
2025-10-30,2025,OOS,3,-1,25981.5,26057.3125,25867.78125,75.8125,26057.3125,-77.3125,-1.019785655399835,stop,False,12,80.5,39.25,C_PDL_accept
2025-11-05,2025,OOS,2,-1,25494.75,25542.75,25422.75,48.0,25542.75,-49.5,-1.03125,stop,False,1,49.0,0.0,C_PDL_accept
2025-11-24,2025,OOS,0,1,24650.0,24596.8125,24729.78125,53.1875,24596.8125,-54.6875,-1.028202115158637,stop,False,17,71.0,72.75,C_PDL_accept
2025-12-01,2025,OOS,0,-1,25259.0,25296.375,25202.9375,37.375,25296.375,-38.875,-1.040133779264214,stop,False,7,57.0,49.75,C_PDL_accept
2025-12-02,2025,OOS,1,1,25593.5,25544.0,25667.75,49.5,25544.0,-51.0,-1.0303030303030303,stop,False,53,53.75,61.25,C_PDL_accept
2025-12-05,2025,OOS,4,1,25771.25,25727.25,25837.25,44.0,25727.25,-45.5,-1.0340909090909092,stop,False,7,72.0,6.0,C_PDL_accept
2025-12-11,2025,OOS,3,-1,25486.25,25543.8125,25399.90625,57.5625,25399.90625,84.84375,1.4739413680781759,target,False,11,16.0,96.0,C_PDL_accept
2025-12-12,2025,OOS,4,-1,25330.75,25373.6875,25266.34375,42.9375,25373.6875,-44.4375,-1.034934497816594,stop,False,5,43.75,35.5,C_PDL_accept
2025-12-19,2025,OOS,4,1,25444.5,25412.8125,25492.03125,31.6875,25412.8125,-33.1875,-1.047337278106509,stop,False,5,32.25,19.0,C_PDL_accept
2025-12-24,2025,OOS,2,1,25831.5,25817.9375,25851.84375,13.5625,25817.9375,-15.0625,-1.1105990783410138,stop,False,9,15.75,9.25,C_PDL_accept
2025-12-26,2025,OOS,4,1,25919.5,25899.5,25949.5,20.0,25899.5,-21.5,-1.075,stop,False,2,24.75,8.5,C_PDL_accept
2025-12-31,2025,OOS,2,-1,25635.25,25676.3125,25573.65625,41.0625,25573.65625,60.09375,1.4634703196347032,target,False,42,3.0,67.25,C_PDL_accept
2026-01-02,2026,OOS,4,-1,25385.25,25417.8125,25336.40625,32.5625,25336.40625,47.34375,1.4539347408829175,target,False,3,1.0,50.25,C_PDL_accept
2026-01-07,2026,OOS,2,1,25854.5,25836.3125,25881.78125,18.1875,25836.3125,-19.6875,-1.0824742268041236,stop,False,16,31.5,25.5,C_PDL_accept
2026-01-08,2026,OOS,3,-1,25688.25,25725.25,25632.75,37.0,25632.75,54.0,1.4594594594594594,target,False,4,19.75,61.75,C_PDL_accept
2026-01-23,2026,OOS,4,1,25772.25,25724.4375,25843.96875,47.8125,25843.96875,70.21875,1.468627450980392,target,False,29,6.0,72.75,C_PDL_accept
2026-01-27,2026,OOS,1,1,25966.5,25947.5,25995.0,19.0,25947.5,-20.5,-1.0789473684210527,stop,False,2,21.0,17.25,C_PDL_accept
2026-01-29,2026,OOS,3,-1,25960.25,25997.375,25904.5625,37.125,25997.375,-38.625,-1.0404040404040404,stop,False,5,45.75,49.75,C_PDL_accept
2026-02-04,2026,OOS,2,-1,25153.0,25200.3125,25082.03125,47.3125,25200.3125,-48.8125,-1.0317040951122853,stop,False,7,67.75,45.0,C_PDL_accept
2026-02-11,2026,OOS,2,-1,25152.25,25228.6875,25037.59375,76.4375,25228.6875,-77.9375,-1.0196238757154539,stop,False,40,99.5,94.0,C_PDL_accept
2026-02-12,2026,OOS,3,-1,25032.25,25064.1875,24984.34375,31.9375,24984.34375,46.40625,1.4530332681017613,target,False,8,8.75,65.25,C_PDL_accept
2026-02-18,2026,OOS,2,1,24921.25,24881.125,24981.4375,40.125,24981.4375,58.6875,1.4626168224299065,target,False,7,18.75,66.25,C_PDL_accept
2026-02-26,2026,OOS,3,-1,24952.75,24985.75,24903.25,33.0,24903.25,48.0,1.4545454545454546,target,False,3,28.5,50.25,C_PDL_accept
2026-03-04,2026,OOS,2,1,25076.0,24968.1875,25237.71875,107.8125,25083.25,5.75,0.05333333333333334,time,False,60,39.25,82.25,C_PDL_accept
2026-03-17,2026,OOS,1,1,25085.75,25011.375,25197.3125,74.375,25011.375,-75.875,-1.0201680672268907,stop,False,32,90.0,31.25,C_PDL_accept
2026-03-20,2026,OOS,4,-1,24280.0,24355.875,24166.1875,75.875,24315.0,-36.5,-0.48105436573311366,time,False,60,48.0,48.75,C_PDL_accept
2026-04-06,2026,OOS,0,1,24294.25,24246.5,24365.875,47.75,24365.875,70.125,1.468586387434555,target,False,6,30.25,76.0,C_PDL_accept
2026-04-15,2026,OOS,2,1,26034.25,26003.1875,26080.84375,31.0625,26003.1875,-32.5625,-1.0482897384305836,stop,False,11,52.0,25.5,C_PDL_accept
2026-04-21,2026,OOS,1,1,26845.25,26819.125,26884.4375,26.125,26884.4375,37.6875,1.4425837320574162,target,False,17,24.25,40.0,C_PDL_accept
2026-04-24,2026,OOS,4,1,27209.25,27122.375,27339.5625,86.875,27294.75,84.0,0.9669064748201439,time,False,60,41.5,95.75,C_PDL_accept
2026-05-07,2026,OOS,3,1,28825.5,28793.375,28873.6875,32.125,28873.6875,46.6875,1.453307392996109,target,False,16,4.0,77.0,C_PDL_accept
2026-05-08,2026,OOS,4,1,28982.5,28928.0625,29064.15625,54.4375,29064.15625,80.15625,1.4724454649827785,target,False,12,41.0,89.75,C_PDL_accept
2026-05-11,2026,OOS,0,1,29430.75,29398.3125,29479.40625,32.4375,29398.3125,-33.9375,-1.046242774566474,stop,False,2,58.25,4.0,C_PDL_accept
2026-05-12,2026,OOS,1,-1,29188.25,29244.375,29104.0625,56.125,29244.375,-57.625,-1.0267260579064588,stop,False,2,63.5,4.5,C_PDL_accept
2026-05-14,2026,OOS,3,1,29607.5,29559.375,29679.6875,48.125,29679.6875,70.6875,1.4688311688311688,target,False,8,16.0,73.25,C_PDL_accept
2026-05-18,2026,OOS,0,-1,29024.5,29131.8125,28863.53125,107.3125,29011.75,11.25,0.10483401281304601,time,False,60,101.75,83.0,C_PDL_accept
2026-06-03,2026,OOS,2,1,30797.25,30765.0625,30845.53125,32.1875,30765.0625,-33.6875,-1.0466019417475727,stop,False,2,34.25,10.5,C_PDL_accept
2026-06-09,2026,OOS,1,1,29784.0,29738.6875,29851.96875,45.3125,29738.6875,-46.8125,-1.033103448275862,stop,False,9,58.0,64.25,C_PDL_accept
2026-06-26,2026,OOS,4,-1,29199.75,29287.625,29067.9375,87.875,29287.625,-89.375,-1.0170697012802277,stop,False,2,133.25,18.25,C_PDL_accept
2026-06-30,2026,OOS,1,1,30129.0,30074.0,30211.5,55.0,30211.5,81.0,1.4727272727272727,target,False,4,37.5,122.0,C_PDL_accept
2026-07-02,2026,OOS,3,-1,29902.0,30025.4375,29716.84375,123.4375,29716.84375,183.65625,1.4878481012658227,target,False,30,84.25,189.5,C_PDL_accept
2026-07-06,2026,OOS,0,1,29997.5,29938.75,30085.625,58.75,29938.75,-60.25,-1.025531914893617,stop,False,2,76.5,3.75,C_PDL_accept
2026-07-13,2026,OOS,0,-1,29620.25,29684.5,29523.875,64.25,29523.875,94.875,1.4766536964980546,target,False,14,46.5,102.25,C_PDL_accept
2026-07-24,2026,OOS,4,-1,28368.25,28428.4375,28277.96875,60.1875,28428.4375,-61.6875,-1.0249221183800623,stop,False,17,72.0,64.0,C_PDL_accept
2026-07-27,2026,OOS,0,-1,28183.0,28226.8125,28117.28125,43.8125,28117.28125,64.21875,1.4657631954350927,target,False,4,2.0,68.5,C_PDL_accept
2026-07-28,2026,OOS,1,-1,27896.75,27949.875,27817.0625,53.125,27817.0625,78.1875,1.4717647058823529,target,False,6,29.5,86.0,C_PDL_accept
2026-08-03,2026,OOS,0,1,28776.0,28699.75,28890.375,76.25,28787.25,9.75,0.12786885245901639,time,False,60,54.0,27.75,C_PDL_accept
2026-08-05,2026,OOS,2,1,30011.5,29963.4375,30083.59375,48.0625,29963.4375,-49.5625,-1.0312093628088426,stop,False,2,98.0,12.0,C_PDL_accept
