split,horizon,sample,b_n,b_win,b_mean,b_mean_onr,b_median_onr,b_mfe_gt_mae,b_p_struct,b_p_hit1R,r_n,r_win,r_mean,r_mean_onr,r_median_onr,r_mfe_gt_mae,r_p_struct,r_p_hit1R,n_paired,blind_win,blind_mean_onr,blind_mfe_gt_mae,blind_p_struct,blind_p_hit1R,react_win,react_mean_onr,react_mfe_gt_mae,react_p_struct,react_p_hit1R,lift_win,lift_mean_onr,lift_struct,trigger_rate,med_wait,frac_same_dir,frac_flip
IS,10,blind_all,1374.0,0.48253275109170307,-0.2933042212518195,-0.004615944701718504,-0.008855799373040752,0.487627365356623,0.504424778761062,0.5054602184087363,,,,,,,,,,,,,,,,,,,,,,,,,,
IS,10,reactive_trig,,,,,,,,,1378.0,0.46081277213352684,-0.05914368650217707,-0.005146921153187448,-0.027402402402402402,0.4876632801161103,0.49183303085299457,0.4877663772691397,,,,,,,,,,,,,,,,,,
IS,10,paired,,,,,,,,,,,,,,,,,1373.0,0.48215586307356156,-0.004636821643374808,0.48725418790968683,0.504424778761062,0.5054602184087363,0.46030589949016754,-0.005961218027713188,0.4879825200291333,0.49225159525979945,0.48811410459587956,-0.021849963583394028,-0.0013243963843383808,-0.012173183501262508,0.9992748368382887,2.0,0.5032774945375091,0.4967225054624909
IS,15,blind_all,1374.0,0.48398835516739447,-0.5118267831149927,-0.0033201918286717537,-0.006928443420378905,0.4861717612809316,0.5012145748987854,0.505019305019305,,,,,,,,,,,,,,,,,,,,,,,,,,
IS,15,reactive_trig,,,,,,,,,1378.0,0.4949201741654572,0.1761611030478955,0.0025107948034565637,0.0,0.4898403483309144,0.48641975308641977,0.4872192099147947,,,,,,,,,,,,,,,,,,
IS,15,paired,,,,,,,,,,,,,,,,,1373.0,0.48434085943190097,-0.0032554691943608985,0.4857975236707939,0.5012145748987854,0.505019305019305,0.4945375091041515,0.0017486920265549326,0.48943918426802624,0.48677685950413224,0.48755832037325036,0.010196649672250535,0.005004161220915831,-0.014437715394653161,0.9992748368382887,2.0,0.5032774945375091,0.4967225054624909
IS,30,blind_all,1374.0,0.50509461426492,0.0611353711790393,0.02386257380396202,0.012751786874593891,0.5029112081513828,0.5030165912518854,0.5081458494957332,,,,,,,,,,,,,,,,,,,,,,,,,,
IS,30,reactive_trig,,,,,,,,,1378.0,0.5094339622641509,0.5524310595065312,0.006544073716048653,0.021462785556374354,0.49927431059506533,0.49213483146067416,0.48835403726708076,,,,,,,,,,,,,,,,,,
IS,30,paired,,,,,,,,,,,,,,,,,1373.0,0.5054624908958485,0.023913524101247304,0.5025491624180627,0.5030165912518854,0.5081458494957332,0.5083758193736344,0.004949430664183092,0.4989075018208303,0.4924812030075188,0.4886983632112237,0.0029133284777859147,-0.018964093437064213,-0.010535388244366561,0.9992748368382887,2.0,0.5032774945375091,0.4967225054624909
IS,45,blind_all,1374.0,0.5043668122270742,0.18013100436681223,0.033616697504258795,0.014718068816429473,0.49708879184861715,0.501861504095309,0.5093312597200622,,,,,,,,,,,,,,,,,,,,,,,,,,
IS,45,reactive_trig,,,,,,,,,1378.0,0.49927431059506533,0.39332365747460085,0.009727254380432402,0.0,0.4985486211901306,0.492603550295858,0.48755832037325036,,,,,,,,,,,,,,,,,,
IS,45,paired,,,,,,,,,,,,,,,,,1373.0,0.5040058266569556,0.033568202454515646,0.4967225054624909,0.501861504095309,0.5089494163424124,0.4981791697013838,0.007921877729180161,0.49745083758193737,0.4929472902746845,0.4879000780640125,-0.005826656955571774,-0.025646324725335484,-0.008914213820624572,0.9992748368382887,2.0,0.5032774945375091,0.4967225054624909
IS,60,blind_all,1374.0,0.5007278020378457,0.9101164483260553,0.04989793731012212,0.004604754183490711,0.5021834061135371,0.5029498525073747,0.5093457943925234,,,,,,,,,,,,,,,,,,,,,,,,,,
IS,60,reactive_trig,,,,,,,,,1378.0,0.5058055152394775,0.5845428156748912,0.018304851514896244,0.014190821256038648,0.4941944847605225,0.49448123620309054,0.4883177570093458,,,,,,,,,,,,,,,,,,
IS,60,paired,,,,,,,,,,,,,,,,,1373.0,0.5003641660597232,0.049846704576216934,0.5018208302986161,0.5029498525073747,0.5089633671083398,0.5061908230152949,0.017981204984924087,0.49308084486525855,0.4948301329394387,0.48866301798279904,0.0058266569555717185,-0.03186549959129285,-0.008119719567935946,0.9992748368382887,2.0,0.5032774945375091,0.4967225054624909
Validation,10,blind_all,390.0,0.5717948717948718,1.567948717948718,0.02213058335946598,0.05227048752003423,0.558974358974359,0.5389408099688473,0.571830985915493,,,,,,,,,,,,,,,,,,,,,,,,,,
Validation,10,reactive_trig,,,,,,,,,388.0,0.5515463917525774,2.7403350515463916,0.02233405750822688,0.048923444976076556,0.5360824742268041,0.5016501650165016,0.5277777777777778,,,,,,,,,,,,,,,,,,
Validation,10,paired,,,,,,,,,,,,,,,,,388.0,0.5721649484536082,0.02240641844014763,0.5567010309278351,0.5389408099688473,0.571830985915493,0.5515463917525774,0.02233405750822688,0.5360824742268041,0.5016501650165016,0.5277777777777778,-0.020618556701030855,-7.236093192074938e-05,-0.037290644952345686,0.9948717948717949,2.0,0.5695876288659794,0.43041237113402064
Validation,15,blind_all,390.0,0.5487179487179488,3.316666666666667,0.032836882121975865,0.045472583672239344,0.5615384615384615,0.5420289855072464,0.5616438356164384,,,,,,,,,,,,,,,,,,,,,,,,,,
Validation,15,reactive_trig,,,,,,,,,388.0,0.5747422680412371,5.556056701030927,0.044880086501178,0.06151289530815198,0.5618556701030928,0.5173410404624278,0.5342465753424658,,,,,,,,,,,,,,,,,,
Validation,15,paired,,,,,,,,,,,,,,,,,388.0,0.5515463917525774,0.03307902490343306,0.5592783505154639,0.5420289855072464,0.5616438356164384,0.5747422680412371,0.044880086501178,0.5618556701030928,0.5173410404624278,0.5342465753424658,0.02319587628865971,0.011801061597744938,-0.024687945044818638,0.9948717948717949,2.0,0.5695876288659794,0.43041237113402064
Validation,30,blind_all,390.0,0.5358974358974359,4.412179487179487,0.04612008391218249,0.05467223160753917,0.5717948717948718,0.5435356200527705,0.5659340659340659,,,,,,,,,,,,,,,,,,,,,,,,,,
Validation,30,reactive_trig,,,,,,,,,388.0,0.5412371134020618,2.5837628865979383,0.023562058804695106,0.04261574593745143,0.5463917525773195,0.5079787234042553,0.5287671232876713,,,,,,,,,,,,,,,,,,
Validation,30,paired,,,,,,,,,,,,,,,,,388.0,0.5360824742268041,0.046565267737955114,0.5695876288659794,0.5435356200527705,0.5659340659340659,0.5412371134020618,0.023562058804695106,0.5463917525773195,0.5079787234042553,0.5287671232876713,0.005154639175257714,-0.023003208933260008,-0.035556896648515135,0.9948717948717949,2.0,0.5695876288659794,0.43041237113402064
Validation,45,blind_all,390.0,0.541025641025641,5.769230769230769,0.059827291842416024,0.0688396092086899,0.5564102564102564,0.5390625,0.5631868131868132,,,,,,,,,,,,,,,,,,,,,,,,,,
Validation,45,reactive_trig,,,,,,,,,388.0,0.5438144329896907,4.016108247422681,0.03216878047841421,0.06542831154470385,0.5412371134020618,0.5105263157894737,0.5287671232876713,,,,,,,,,,,,,,,,,,
Validation,45,paired,,,,,,,,,,,,,,,,,388.0,0.5412371134020618,0.06089677283347691,0.5567010309278351,0.5404699738903395,0.56353591160221,0.5438144329896907,0.03216878047841421,0.5412371134020618,0.5105263157894737,0.5287671232876713,0.002577319587628857,-0.028727992355062695,-0.029943658100865744,0.9948717948717949,2.0,0.5695876288659794,0.43041237113402064
Validation,60,blind_all,390.0,0.5333333333333333,7.919871794871795,0.07890214009778233,0.05797535797535798,0.5307692307692308,0.5390625,0.5631868131868132,,,,,,,,,,,,,,,,,,,,,,,,,,
Validation,60,reactive_trig,,,,,,,,,388.0,0.5463917525773195,6.065721649484536,0.05396124088126596,0.07006759678995339,0.5541237113402062,0.5143603133159269,0.5302197802197802,,,,,,,,,,,,,,,,,,
Validation,60,paired,,,,,,,,,,,,,,,,,388.0,0.5335051546391752,0.07963522674381943,0.5335051546391752,0.5404699738903395,0.56353591160221,0.5463917525773195,0.05396124088126596,0.5541237113402062,0.5143603133159269,0.5302197802197802,0.012886597938144284,-0.02567398586255347,-0.026109660574412552,0.9948717948717949,2.0,0.5695876288659794,0.43041237113402064
OOS,10,blind_all,209.0,0.5119617224880383,0.3038277511961722,0.026384884892622706,0.003669724770642202,0.507177033492823,0.5182926829268293,0.5125628140703518,,,,,,,,,,,,,,,,,,,,,,,,,,
OOS,10,reactive_trig,,,,,,,,,208.0,0.46634615384615385,-4.4639423076923075,-0.012603332919962216,-0.016764045496263275,0.5096153846153846,0.50920245398773,0.48704663212435234,,,,,,,,,,,,,,,,,,
OOS,10,paired,,,,,,,,,,,,,,,,,208.0,0.5096153846153846,0.026250684134731774,0.5096153846153846,0.5182926829268293,0.5125628140703518,0.46634615384615385,-0.012603332919962216,0.5096153846153846,0.50920245398773,0.48704663212435234,-0.043269230769230727,-0.03885401705469399,-0.009090228939099276,0.9952153110047847,2.0,0.5096153846153846,0.49038461538461536
OOS,15,blind_all,209.0,0.5119617224880383,-0.34688995215311,0.025246436830762473,0.0027567195037904893,0.507177033492823,0.532608695652174,0.5124378109452736,,,,,,,,,,,,,,,,,,,,,,,,,,
OOS,15,reactive_trig,,,,,,,,,208.0,0.5192307692307693,-2.487980769230769,0.005411258872771733,0.022592592592592595,0.4951923076923077,0.521978021978022,0.4791666666666667,,,,,,,,,,,,,,,,,,
OOS,15,paired,,,,,,,,,,,,,,,,,208.0,0.5144230769230769,0.02541132245858179,0.5096153846153846,0.532608695652174,0.5124378109452736,0.5192307692307693,0.005411258872771733,0.4951923076923077,0.521978021978022,0.4791666666666667,0.004807692307692402,-0.02000006358581006,-0.010630673674151936,0.9952153110047847,2.0,0.5096153846153846,0.49038461538461536
OOS,30,blind_all,209.0,0.4784688995215311,-0.84688995215311,0.038712060854480174,-0.034759358288770054,0.49760765550239233,0.525,0.515,,,,,,,,,,,,,,,,,,,,,,,,,,
OOS,30,reactive_trig,,,,,,,,,208.0,0.5432692307692307,2.4302884615384617,0.047921237943335755,0.0540633809662681,0.5192307692307693,0.52,0.48704663212435234,,,,,,,,,,,,,,,,,,
OOS,30,paired,,,,,,,,,,,,,,,,,208.0,0.47596153846153844,0.038789405212486625,0.5,0.525,0.515,0.5432692307692307,0.047921237943335755,0.5192307692307693,0.52,0.48704663212435234,0.06730769230769229,0.00913183273084913,-0.0050000000000000044,0.9952153110047847,2.0,0.5096153846153846,0.49038461538461536
OOS,45,blind_all,209.0,0.5215311004784688,3.6160287081339715,0.04497688267825751,0.03197674418604651,0.5215311004784688,0.5194174757281553,0.5124378109452736,,,,,,,,,,,,,,,,,,,,,,,,,,
OOS,45,reactive_trig,,,,,,,,,208.0,0.5673076923076923,8.493990384615385,0.07473894972427794,0.0931421324748805,0.5288461538461539,0.5270935960591133,0.48704663212435234,,,,,,,,,,,,,,,,,,
OOS,45,paired,,,,,,,,,,,,,,,,,208.0,0.5240384615384616,0.045301889010312305,0.5240384615384616,0.5194174757281553,0.515,0.5673076923076923,0.07473894972427794,0.5288461538461539,0.5270935960591133,0.48704663212435234,0.043269230769230727,0.029437060713965638,0.007676120330957992,0.9952153110047847,2.0,0.5096153846153846,0.49038461538461536
OOS,60,blind_all,209.0,0.5263157894736842,4.438995215311005,0.0768883237668684,0.0851063829787234,0.507177033492823,0.5217391304347826,0.5124378109452736,,,,,,,,,,,,,,,,,,,,,,,,,,
OOS,60,reactive_trig,,,,,,,,,208.0,0.5192307692307693,2.0072115384615383,0.04772617340402596,0.07781129086311428,0.5288461538461539,0.5242718446601942,0.4845360824742268,,,,,,,,,,,,,,,,,,
OOS,60,paired,,,,,,,,,,,,,,,,,208.0,0.5240384615384616,0.07688815668438659,0.5096153846153846,0.5217391304347826,0.515,0.5192307692307693,0.04772617340402596,0.5288461538461539,0.5242718446601942,0.4845360824742268,-0.004807692307692291,-0.029161983280360626,0.0025327142254115698,0.9952153110047847,2.0,0.5096153846153846,0.49038461538461536
