session,entry_mode,horizon,split,regime,n,mean_resid,median_resid,p_struct,mean_pre_exc,mean_pre_psr,cover_tight,mean_net_tight,mean_netR_tight,p_net_pos_tight,breakeven_pts,cover_mid,mean_net_mid,mean_netR_mid,p_net_pos_mid,cover_wide,mean_net_wide,mean_netR_wide,p_net_pos_wide
LONDON,next_open,15,IS,HIGH,4092,6.784824046920821,4.125,0.4750733137829912,13.809995112414468,0.5202327210807925,1.0,6.284824046920821,12.569648093841643,0.9968230694037146,2.0,0.9804496578690127,5.784824046920821,5.784824046920821,0.9533235581622679,0.8264907135874878,4.784824046920821,2.3924120234604107,0.7812805474095796
LONDON,next_open,15,IS,LOW,3970,7.528463476070529,4.25,0.08035264483627204,6.746347607052897,0.10524054359893996,0.9984886649874055,7.028463476070529,14.056926952141058,0.9911838790931989,2.0,0.9743073047858942,6.528463476070529,6.528463476070529,0.9463476070528968,0.8168765743073048,5.528463476070529,2.7642317380352646,0.7720403022670025
LONDON,next_open,15,IS,ALL,12030,7.132605985037406,4.25,0.26400665004156276,9.835806317539484,0.2828595089491462,0.9994181213632585,6.632605985037406,13.265211970074812,0.9945137157107232,2.0,0.9778886118038238,6.132605985037406,6.132605985037406,0.9481296758104738,0.8204488778054863,5.132605985037406,2.566302992518703,0.7746467165419784
LONDON,next_open,15,Validation,HIGH,1618,18.81165018541409,15.25,0.4938195302843016,35.08482694684796,0.49954595300295157,1.0,18.31165018541409,36.62330037082818,1.0,2.0,1.0,17.81165018541409,17.81165018541409,1.0,1.0,16.81165018541409,8.405825092707046,1.0
LONDON,next_open,15,Validation,LOW,855,18.85497076023392,14.25,0.1111111111111111,16.101461988304095,0.10954497882896484,1.0,18.35497076023392,36.70994152046784,1.0,2.0,1.0,17.85497076023392,17.85497076023392,1.0,1.0,16.85497076023392,8.42748538011696,1.0
LONDON,next_open,15,Validation,ALL,3875,19.137483870967742,15.5,0.32980645161290323,25.98406451612903,0.3070287037417241,1.0,18.637483870967742,37.274967741935484,1.0,2.0,1.0,18.137483870967742,18.137483870967742,1.0,1.0,17.137483870967742,8.568741935483871,1.0
LONDON,next_open,15,OOS,HIGH,376,28.86968085106383,23.875,0.4308510638297872,64.19281914893617,0.536733647662612,1.0,28.36968085106383,56.73936170212766,1.0,2.0,1.0,27.86968085106383,27.86968085106383,1.0,1.0,26.86968085106383,13.434840425531915,1.0
LONDON,next_open,15,OOS,LOW,1039,28.31183830606352,23.5,0.0846968238691049,25.162415784408086,0.10435733516851088,1.0,27.81183830606352,55.62367661212704,1.0,2.0,1.0,27.31183830606352,27.31183830606352,1.0,1.0,26.31183830606352,13.15591915303176,1.0
LONDON,next_open,15,OOS,ALL,2065,27.833898305084745,22.75,0.17966101694915254,36.505690072639226,0.22324468589270588,1.0,27.333898305084745,54.66779661016949,1.0,2.0,1.0,26.833898305084745,26.833898305084745,1.0,1.0,25.833898305084745,12.916949152542372,1.0
LONDON,next_open,15,Y2025,HIGH,273,26.32967032967033,22.0,0.42857142857142855,57.74908424908425,0.5276560066384633,1.0,25.82967032967033,51.65934065934066,1.0,2.0,1.0,25.32967032967033,25.32967032967033,1.0,1.0,24.32967032967033,12.164835164835164,1.0
LONDON,next_open,15,Y2025,LOW,594,24.621632996632997,19.75,0.09595959595959595,22.227272727272727,0.10935783095166286,1.0,24.121632996632997,48.24326599326599,1.0,2.0,1.0,23.621632996632997,23.621632996632997,1.0,1.0,22.621632996632997,11.310816498316498,1.0
LONDON,next_open,15,Y2025,ALL,1285,24.167704280155643,19.75,0.19377431906614787,32.907003891050586,0.2364180645807905,1.0,23.667704280155643,47.335408560311286,1.0,2.0,1.0,23.167704280155643,23.167704280155643,1.0,1.0,22.167704280155643,11.083852140077822,1.0
LONDON,next_open,15,Y2026,HIGH,103,35.601941747572816,32.25,0.4368932038834951,81.27184466019418,0.5607938029984626,1.0,35.101941747572816,70.20388349514563,1.0,2.0,1.0,34.601941747572816,34.601941747572816,1.0,1.0,33.601941747572816,16.800970873786408,1.0
LONDON,next_open,15,Y2026,LOW,445,33.2376404494382,28.25,0.0696629213483146,29.080337078651684,0.09768251607819117,1.0,32.7376404494382,65.4752808988764,1.0,2.0,1.0,32.2376404494382,32.2376404494382,1.0,1.0,31.237640449438203,15.618820224719101,1.0
LONDON,next_open,15,Y2026,ALL,780,33.873717948717946,29.0,0.1564102564102564,42.43429487179487,0.20154238895143828,1.0,33.373717948717946,66.74743589743589,1.0,2.0,1.0,32.873717948717946,32.873717948717946,1.0,1.0,31.87371794871795,15.936858974358975,1.0
LONDON,next_open,30,IS,HIGH,4092,9.288184261974585,5.75,0.7086999022482894,13.809995112414468,0.5202327210807925,1.0,8.788184261974585,17.57636852394917,1.0,2.0,0.9987781036168133,8.288184261974585,8.288184261974585,0.9887585532746823,0.9213098729227761,7.2881842619745845,3.6440921309872922,0.8932062561094819
LONDON,next_open,30,IS,LOW,3970,10.502896725440806,6.25,0.19924433249370277,6.746347607052897,0.10524054359893996,0.9987405541561712,10.002896725440806,20.00579345088161,0.9977329974811083,2.0,0.9947103274559194,9.502896725440806,9.502896725440806,0.9863979848866499,0.9198992443324937,8.502896725440806,4.251448362720403,0.889168765743073
LONDON,next_open,30,IS,ALL,12030,9.842975893599334,5.75,0.45353283458021615,9.835806317539484,0.2828595089491462,0.9995843724023276,9.342975893599334,18.68595178719867,0.9992518703241895,2.0,0.9969243557772236,8.842975893599334,8.842975893599334,0.987448046550291,0.9192851205320033,7.842975893599335,3.9214879467996675,0.8885286783042394
LONDON,next_open,30,Validation,HIGH,1618,25.282756489493202,21.0,0.7280593325092707,35.08482694684796,0.49954595300295157,1.0,24.782756489493202,49.565512978986405,1.0,2.0,1.0,24.282756489493202,24.282756489493202,1.0,1.0,23.282756489493202,11.641378244746601,1.0
LONDON,next_open,30,Validation,LOW,855,25.881286549707603,20.0,0.2432748538011696,16.101461988304095,0.10954497882896484,1.0,25.381286549707603,50.76257309941521,1.0,2.0,1.0,24.881286549707603,24.881286549707603,1.0,1.0,23.881286549707603,11.940643274853802,1.0
LONDON,next_open,30,Validation,ALL,3875,25.940967741935484,21.0,0.5396129032258065,25.98406451612903,0.3070287037417241,1.0,25.440967741935484,50.88193548387097,1.0,2.0,1.0,24.940967741935484,24.940967741935484,1.0,1.0,23.940967741935484,11.970483870967742,1.0
LONDON,next_open,30,OOS,HIGH,376,38.954787234042556,31.75,0.6595744680851063,64.19281914893617,0.536733647662612,1.0,38.454787234042556,76.90957446808511,1.0,2.0,1.0,37.954787234042556,37.954787234042556,1.0,1.0,36.954787234042556,18.477393617021278,1.0
LONDON,next_open,30,OOS,LOW,1039,38.75721847930703,31.25,0.17901828681424448,25.162415784408086,0.10435733516851088,1.0,38.25721847930703,76.51443695861406,1.0,2.0,1.0,37.75721847930703,37.75721847930703,1.0,1.0,36.75721847930703,18.378609239653514,1.0
LONDON,next_open,30,OOS,ALL,2065,37.90641646489104,30.75,0.3268765133171913,36.505690072639226,0.22324468589270588,1.0,37.40641646489104,74.81283292978208,1.0,2.0,1.0,36.90641646489104,36.90641646489104,1.0,1.0,35.90641646489104,17.95320823244552,1.0
LONDON,next_open,30,Y2025,HIGH,273,36.02472527472528,28.25,0.652014652014652,57.74908424908425,0.5276560066384633,1.0,35.52472527472528,71.04945054945055,1.0,2.0,1.0,35.02472527472528,35.02472527472528,1.0,1.0,34.02472527472528,17.01236263736264,1.0
LONDON,next_open,30,Y2025,LOW,594,33.93518518518518,27.75,0.19528619528619529,22.227272727272727,0.10935783095166286,1.0,33.43518518518518,66.87037037037037,1.0,2.0,1.0,32.93518518518518,32.93518518518518,1.0,1.0,31.935185185185187,15.967592592592593,1.0
LONDON,next_open,30,Y2025,ALL,1285,33.01206225680934,27.0,0.35252918287937746,32.907003891050586,0.2364180645807905,1.0,32.51206225680934,65.02412451361867,1.0,2.0,1.0,32.01206225680934,32.01206225680934,1.0,1.0,31.01206225680934,15.50603112840467,1.0
LONDON,next_open,30,Y2026,HIGH,103,46.720873786407765,40.0,0.6796116504854369,81.27184466019418,0.5607938029984626,1.0,46.220873786407765,92.44174757281553,1.0,2.0,1.0,45.720873786407765,45.720873786407765,1.0,1.0,44.720873786407765,22.360436893203882,1.0
LONDON,next_open,30,Y2026,LOW,445,45.193820224719104,36.5,0.15730337078651685,29.080337078651684,0.09768251607819117,1.0,44.693820224719104,89.38764044943821,1.0,2.0,1.0,44.193820224719104,44.193820224719104,1.0,1.0,43.193820224719104,21.596910112359552,1.0
LONDON,next_open,30,Y2026,ALL,780,45.969551282051285,37.5,0.2846153846153846,42.43429487179487,0.20154238895143828,1.0,45.469551282051285,90.93910256410257,1.0,2.0,1.0,44.969551282051285,44.969551282051285,1.0,1.0,43.969551282051285,21.984775641025642,1.0
LONDON,next_open,45,IS,HIGH,4092,11.06995356793744,6.75,0.8157380254154448,13.809995112414468,0.5202327210807925,1.0,10.56995356793744,21.13990713587488,1.0,2.0,1.0,10.06995356793744,10.06995356793744,0.9958455522971652,0.956989247311828,9.06995356793744,4.53497678396872,0.9340175953079178
LONDON,next_open,45,IS,LOW,3970,12.77890428211587,7.5,0.30251889168765744,6.746347607052897,0.10524054359893996,0.998992443324937,12.27890428211587,24.55780856423174,0.9984886649874055,2.0,0.9974811083123426,11.77890428211587,11.77890428211587,0.9947103274559194,0.9622166246851386,10.77890428211587,5.389452141057935,0.9410579345088161
LONDON,next_open,45,IS,ALL,12030,11.891479634247714,7.0,0.5712385702410641,9.835806317539484,0.2828595089491462,0.999667497921862,11.391479634247714,22.78295926849543,0.9995012468827931,2.0,0.9990856192851205,10.891479634247714,10.891479634247714,0.9951787198669991,0.9582709891936825,9.891479634247714,4.945739817123857,0.9362427265170408
LONDON,next_open,45,Validation,HIGH,1618,30.364647713226205,25.25,0.8405438813349815,35.08482694684796,0.49954595300295157,1.0,29.864647713226205,59.72929542645241,1.0,2.0,1.0,29.364647713226205,29.364647713226205,1.0,1.0,28.364647713226205,14.182323856613102,1.0
LONDON,next_open,45,Validation,LOW,855,31.591520467836258,24.5,0.3532163742690059,16.101461988304095,0.10954497882896484,1.0,31.091520467836258,62.183040935672516,1.0,2.0,1.0,30.591520467836258,30.591520467836258,1.0,1.0,29.591520467836258,14.795760233918129,1.0
LONDON,next_open,45,Validation,ALL,3875,31.356193548387097,25.75,0.6660645161290323,25.98406451612903,0.3070287037417241,1.0,30.856193548387097,61.712387096774194,1.0,2.0,1.0,30.356193548387097,30.356193548387097,1.0,1.0,29.356193548387097,14.678096774193548,1.0
LONDON,next_open,45,OOS,HIGH,376,46.62566489361702,37.0,0.776595744680851,64.19281914893617,0.536733647662612,1.0,46.12566489361702,92.25132978723404,1.0,2.0,1.0,45.62566489361702,45.62566489361702,1.0,1.0,44.62566489361702,22.31283244680851,1.0
LONDON,next_open,45,OOS,LOW,1039,47.81833493743984,38.75,0.3012512030798845,25.162415784408086,0.10435733516851088,1.0,47.31833493743984,94.63666987487969,1.0,2.0,1.0,46.81833493743984,46.81833493743984,1.0,1.0,45.81833493743984,22.90916746871992,1.0
LONDON,next_open,45,OOS,ALL,2065,46.4590799031477,37.5,0.46198547215496366,36.505690072639226,0.22324468589270588,1.0,45.9590799031477,91.9181598062954,1.0,2.0,1.0,45.4590799031477,45.4590799031477,1.0,1.0,44.4590799031477,22.22953995157385,1.0
LONDON,next_open,45,Y2025,HIGH,273,43.47161172161172,33.25,0.7765567765567766,57.74908424908425,0.5276560066384633,1.0,42.97161172161172,85.94322344322345,1.0,2.0,1.0,42.47161172161172,42.47161172161172,1.0,1.0,41.47161172161172,20.73580586080586,1.0
LONDON,next_open,45,Y2025,LOW,594,41.781565656565654,33.75,0.3282828282828283,22.227272727272727,0.10935783095166286,1.0,41.281565656565654,82.56313131313131,1.0,2.0,1.0,40.781565656565654,40.781565656565654,1.0,1.0,39.781565656565654,19.890782828282827,1.0
LONDON,next_open,45,Y2025,ALL,1285,40.25466926070039,32.5,0.48638132295719844,32.907003891050586,0.2364180645807905,1.0,39.75466926070039,79.50933852140078,1.0,2.0,1.0,39.25466926070039,39.25466926070039,1.0,1.0,38.25466926070039,19.127334630350195,1.0
LONDON,next_open,45,Y2026,HIGH,103,54.98543689320388,45.0,0.7766990291262136,81.27184466019418,0.5607938029984626,1.0,54.48543689320388,108.97087378640776,1.0,2.0,1.0,53.98543689320388,53.98543689320388,1.0,1.0,52.98543689320388,26.49271844660194,1.0
LONDON,next_open,45,Y2026,LOW,445,55.87640449438202,46.75,0.2651685393258427,29.080337078651684,0.09768251607819117,1.0,55.37640449438202,110.75280898876404,1.0,2.0,1.0,54.87640449438202,54.87640449438202,1.0,1.0,53.87640449438202,26.93820224719101,1.0
LONDON,next_open,45,Y2026,ALL,780,56.68044871794872,48.0,0.4217948717948718,42.43429487179487,0.20154238895143828,1.0,56.18044871794872,112.36089743589744,1.0,2.0,1.0,55.68044871794872,55.68044871794872,1.0,1.0,54.68044871794872,27.34022435897436,1.0
LONDON,delay1,15,IS,HIGH,4092,6.725806451612903,4.0,0.4657869012707722,13.809995112414468,0.5202327210807925,0.9997556207233627,6.225806451612903,12.451612903225806,0.9968230694037146,2.0,0.9809384164222874,5.725806451612903,5.725806451612903,0.9521016617790812,0.8247800586510264,4.725806451612903,2.3629032258064515,0.7788367546432062
LONDON,delay1,15,IS,LOW,3970,7.431297229219144,4.25,0.07783375314861461,6.746347607052897,0.10524054359893996,0.9984886649874055,6.931297229219144,13.862594458438288,0.9899244332493703,2.0,0.972544080604534,6.431297229219144,6.431297229219144,0.9433249370277078,0.8156171284634761,5.431297229219144,2.715648614609572,0.7722921914357682
LONDON,delay1,15,IS,ALL,12030,7.048586866167914,4.25,0.2595178719866999,9.835806317539484,0.2828595089491462,0.999334995843724,6.548586866167914,13.097173732335827,0.9941812136325852,2.0,0.9773067331670823,6.048586866167914,6.048586866167914,0.9464671654197839,0.815876974231089,5.048586866167914,2.524293433083957,0.7731504571903575
LONDON,delay1,15,Validation,HIGH,1618,18.345797280593324,15.25,0.4684796044499382,35.08482694684796,0.49954595300295157,1.0,17.845797280593324,35.69159456118665,1.0,2.0,1.0,17.345797280593324,17.345797280593324,1.0,1.0,16.345797280593324,8.172898640296662,1.0
LONDON,delay1,15,Validation,LOW,855,18.71578947368421,14.5,0.11228070175438597,16.101461988304095,0.10954497882896484,1.0,18.21578947368421,36.43157894736842,1.0,2.0,1.0,17.71578947368421,17.71578947368421,1.0,1.0,16.71578947368421,8.357894736842105,1.0
LONDON,delay1,15,Validation,ALL,3875,18.877612903225806,15.25,0.3192258064516129,25.98406451612903,0.3070287037417241,1.0,18.377612903225806,36.75522580645161,1.0,2.0,1.0,17.877612903225806,17.877612903225806,1.0,1.0,16.877612903225806,8.438806451612903,1.0
LONDON,delay1,15,OOS,HIGH,376,28.381648936170212,23.5,0.40691489361702127,64.19281914893617,0.536733647662612,1.0,27.881648936170212,55.763297872340424,1.0,2.0,1.0,27.381648936170212,27.381648936170212,1.0,1.0,26.381648936170212,13.190824468085106,1.0
LONDON,delay1,15,OOS,LOW,1039,28.005293551491818,23.25,0.08854667949951876,25.162415784408086,0.10435733516851088,1.0,27.505293551491818,55.010587102983635,1.0,2.0,1.0,27.005293551491818,27.005293551491818,1.0,1.0,26.005293551491818,13.002646775745909,1.0
LONDON,delay1,15,OOS,ALL,2065,27.49866828087167,22.5,0.174818401937046,36.505690072639226,0.22324468589270588,1.0,26.99866828087167,53.99733656174334,1.0,2.0,1.0,26.49866828087167,26.49866828087167,1.0,1.0,25.49866828087167,12.749334140435835,1.0
LONDON,delay1,15,Y2025,HIGH,273,25.975274725274726,20.25,0.40293040293040294,57.74908424908425,0.5276560066384633,1.0,25.475274725274726,50.95054945054945,1.0,2.0,1.0,24.975274725274726,24.975274725274726,1.0,1.0,23.975274725274726,11.987637362637363,1.0
LONDON,delay1,15,Y2025,LOW,594,24.417087542087543,20.0,0.09932659932659933,22.227272727272727,0.10935783095166286,1.0,23.917087542087543,47.83417508417509,1.0,2.0,1.0,23.417087542087543,23.417087542087543,1.0,1.0,22.417087542087543,11.208543771043772,1.0
LONDON,delay1,15,Y2025,ALL,1285,24.000583657587548,18.75,0.18754863813229572,32.907003891050586,0.2364180645807905,1.0,23.500583657587548,47.001167315175095,1.0,2.0,1.0,23.000583657587548,23.000583657587548,1.0,1.0,22.000583657587548,11.000291828793774,1.0
LONDON,delay1,15,Y2026,HIGH,103,34.75970873786408,29.75,0.4174757281553398,81.27184466019418,0.5607938029984626,1.0,34.25970873786408,68.51941747572816,1.0,2.0,1.0,33.75970873786408,33.75970873786408,1.0,1.0,32.75970873786408,16.37985436893204,1.0
LONDON,delay1,15,Y2026,LOW,445,32.79494382022472,27.75,0.07415730337078652,29.080337078651684,0.09768251607819117,1.0,32.29494382022472,64.58988764044943,1.0,2.0,1.0,31.79494382022472,31.79494382022472,1.0,1.0,30.79494382022472,15.39747191011236,1.0
LONDON,delay1,15,Y2026,ALL,780,33.261538461538464,28.5,0.15384615384615385,42.43429487179487,0.20154238895143828,1.0,32.761538461538464,65.52307692307693,1.0,2.0,1.0,32.261538461538464,32.261538461538464,1.0,1.0,31.26153846153846,15.63076923076923,1.0
LONDON,delay1,30,IS,HIGH,4092,9.183528836754643,5.5,0.6933040078201369,13.809995112414468,0.5202327210807925,1.0,8.683528836754643,17.367057673509287,0.9997556207233627,2.0,0.998533724340176,8.183528836754643,8.183528836754643,0.989247311827957,0.9200879765395894,7.183528836754643,3.5917644183773216,0.8897849462365591
LONDON,delay1,30,IS,LOW,3970,10.419080604534004,6.0,0.20277078085642317,6.746347607052897,0.10524054359893996,0.998992443324937,9.919080604534004,19.83816120906801,0.9977329974811083,2.0,0.9929471032745592,9.419080604534004,9.419080604534004,0.985390428211587,0.9214105793450882,8.419080604534004,4.209540302267002,0.8886649874055416
LONDON,delay1,30,IS,ALL,12030,9.763279301745635,5.75,0.4511221945137157,9.835806317539484,0.2828595089491462,0.999667497921862,9.263279301745635,18.52655860349127,0.999002493765586,2.0,0.9959268495428096,8.763279301745635,8.763279301745635,0.9869492934330839,0.9177888611803824,7.763279301745636,3.881639650872818,0.8865336658354115
LONDON,delay1,30,Validation,HIGH,1618,25.069221260815823,20.5,0.7107540173053152,35.08482694684796,0.49954595300295157,1.0,24.569221260815823,49.138442521631646,1.0,2.0,1.0,24.069221260815823,24.069221260815823,1.0,1.0,23.069221260815823,11.534610630407911,1.0
LONDON,delay1,30,Validation,LOW,855,25.76578947368421,19.75,0.23859649122807017,16.101461988304095,0.10954497882896484,1.0,25.26578947368421,50.53157894736842,1.0,2.0,1.0,24.76578947368421,24.76578947368421,1.0,1.0,23.76578947368421,11.882894736842106,1.0
LONDON,delay1,30,Validation,ALL,3875,25.75490322580645,20.75,0.5287741935483871,25.98406451612903,0.3070287037417241,1.0,25.25490322580645,50.5098064516129,1.0,2.0,1.0,24.75490322580645,24.75490322580645,1.0,1.0,23.75490322580645,11.877451612903226,1.0
LONDON,delay1,30,OOS,HIGH,376,38.611702127659576,29.75,0.6382978723404256,64.19281914893617,0.536733647662612,1.0,38.111702127659576,76.22340425531915,1.0,2.0,1.0,37.611702127659576,37.611702127659576,1.0,1.0,36.611702127659576,18.305851063829788,1.0
LONDON,delay1,30,OOS,LOW,1039,38.57338787295476,31.5,0.18864292589027912,25.162415784408086,0.10435733516851088,1.0,38.07338787295476,76.14677574590952,1.0,2.0,1.0,37.57338787295476,37.57338787295476,1.0,1.0,36.57338787295476,18.28669393647738,1.0
LONDON,delay1,30,OOS,ALL,2065,37.67324455205811,30.0,0.32397094430992734,36.505690072639226,0.22324468589270588,1.0,37.17324455205811,74.34648910411622,1.0,2.0,1.0,36.67324455205811,36.67324455205811,1.0,1.0,35.67324455205811,17.836622276029054,1.0
LONDON,delay1,30,Y2025,HIGH,273,35.98351648351648,27.25,0.6483516483516484,57.74908424908425,0.5276560066384633,1.0,35.48351648351648,70.96703296703296,1.0,2.0,1.0,34.98351648351648,34.98351648351648,1.0,1.0,33.98351648351648,16.99175824175824,1.0
LONDON,delay1,30,Y2025,LOW,594,33.96043771043771,27.875,0.21548821548821548,22.227272727272727,0.10935783095166286,1.0,33.46043771043771,66.92087542087542,1.0,2.0,1.0,32.96043771043771,32.96043771043771,1.0,1.0,31.96043771043771,15.980218855218855,1.0
LONDON,delay1,30,Y2025,ALL,1285,33.0,26.5,0.3556420233463035,32.907003891050586,0.2364180645807905,1.0,32.5,65.0,1.0,2.0,1.0,32.0,32.0,1.0,1.0,31.0,15.5,1.0
LONDON,delay1,30,Y2026,HIGH,103,45.577669902912625,39.0,0.6116504854368932,81.27184466019418,0.5607938029984626,1.0,45.077669902912625,90.15533980582525,1.0,2.0,1.0,44.577669902912625,44.577669902912625,1.0,1.0,43.577669902912625,21.788834951456312,1.0
LONDON,delay1,30,Y2026,LOW,445,44.730898876404495,37.5,0.15280898876404495,29.080337078651684,0.09768251607819117,1.0,44.230898876404495,88.46179775280899,1.0,2.0,1.0,43.730898876404495,43.730898876404495,1.0,1.0,42.730898876404495,21.365449438202248,1.0
LONDON,delay1,30,Y2026,ALL,780,45.372115384615384,38.25,0.2717948717948718,42.43429487179487,0.20154238895143828,1.0,44.872115384615384,89.74423076923077,1.0,2.0,1.0,44.372115384615384,44.372115384615384,1.0,1.0,43.372115384615384,21.686057692307692,1.0
LONDON,delay1,45,IS,HIGH,4092,10.966581133919844,6.75,0.8071847507331378,13.809995112414468,0.5202327210807925,1.0,10.466581133919844,20.933162267839688,1.0,2.0,1.0,9.966581133919844,9.966581133919844,0.9958455522971652,0.9525904203323559,8.966581133919844,4.483290566959922,0.9310850439882697
LONDON,delay1,45,IS,LOW,3970,12.654471032745592,7.5,0.307808564231738,6.746347607052897,0.10524054359893996,0.998992443324937,12.154471032745592,24.308942065491184,0.9984886649874055,2.0,0.9972292191435769,11.654471032745592,11.654471032745592,0.9947103274559194,0.9619647355163728,10.654471032745592,5.327235516372796,0.9438287153652393
LONDON,delay1,45,IS,ALL,12030,11.801413133832087,7.0,0.5698254364089775,9.835806317539484,0.2828595089491462,0.999667497921862,11.301413133832087,22.602826267664174,0.9995012468827931,2.0,0.9984206151288445,10.801413133832087,10.801413133832087,0.9948462177888612,0.9557772236076475,9.801413133832087,4.9007065669160434,0.9350789692435578
LONDON,delay1,45,Validation,HIGH,1618,30.12747218788628,25.0,0.8325092707045736,35.08482694684796,0.49954595300295157,1.0,29.62747218788628,59.25494437577256,1.0,2.0,1.0,29.12747218788628,29.12747218788628,1.0,1.0,28.12747218788628,14.06373609394314,1.0
LONDON,delay1,45,Validation,LOW,855,31.644152046783624,24.75,0.36023391812865496,16.101461988304095,0.10954497882896484,1.0,31.144152046783624,62.28830409356725,1.0,2.0,1.0,30.644152046783624,30.644152046783624,1.0,1.0,29.644152046783624,14.822076023391812,1.0
LONDON,delay1,45,Validation,ALL,3875,31.160387096774194,25.75,0.6606451612903226,25.98406451612903,0.3070287037417241,1.0,30.660387096774194,61.32077419354839,1.0,2.0,1.0,30.160387096774194,30.160387096774194,1.0,1.0,29.160387096774194,14.580193548387097,1.0
LONDON,delay1,45,OOS,HIGH,376,46.380319148936174,36.75,0.7659574468085106,64.19281914893617,0.536733647662612,1.0,45.880319148936174,91.76063829787235,1.0,2.0,1.0,45.380319148936174,45.380319148936174,1.0,1.0,44.380319148936174,22.190159574468087,1.0
LONDON,delay1,45,OOS,LOW,1039,47.735081809432145,39.25,0.30221366698748797,25.162415784408086,0.10435733516851088,1.0,47.235081809432145,94.47016361886429,1.0,2.0,1.0,46.735081809432145,46.735081809432145,1.0,1.0,45.735081809432145,22.867540904716073,1.0
LONDON,delay1,45,OOS,ALL,2065,46.24503631961259,37.75,0.45278450363196127,36.505690072639226,0.22324468589270588,1.0,45.74503631961259,91.49007263922518,1.0,2.0,1.0,45.24503631961259,45.24503631961259,1.0,1.0,44.24503631961259,22.122518159806294,1.0
LONDON,delay1,45,Y2025,HIGH,273,43.209706959706956,32.25,0.7838827838827839,57.74908424908425,0.5276560066384633,1.0,42.709706959706956,85.41941391941391,1.0,2.0,1.0,42.209706959706956,42.209706959706956,1.0,1.0,41.209706959706956,20.604853479853478,1.0
LONDON,delay1,45,Y2025,LOW,594,41.73400673400673,34.0,0.335016835016835,22.227272727272727,0.10935783095166286,1.0,41.23400673400673,82.46801346801347,1.0,2.0,1.0,40.73400673400673,40.73400673400673,1.0,1.0,39.73400673400673,19.867003367003367,1.0
LONDON,delay1,45,Y2025,ALL,1285,40.139494163424125,32.25,0.48715953307392995,32.907003891050586,0.2364180645807905,1.0,39.639494163424125,79.27898832684825,1.0,2.0,1.0,39.139494163424125,39.139494163424125,1.0,1.0,38.139494163424125,19.069747081712062,1.0
LONDON,delay1,45,Y2026,HIGH,103,54.78398058252427,43.25,0.7184466019417476,81.27184466019418,0.5607938029984626,1.0,54.28398058252427,108.56796116504854,1.0,2.0,1.0,53.78398058252427,53.78398058252427,1.0,1.0,52.78398058252427,26.391990291262136,1.0
LONDON,delay1,45,Y2026,LOW,445,55.74550561797753,47.0,0.25842696629213485,29.080337078651684,0.09768251607819117,1.0,55.24550561797753,110.49101123595506,1.0,2.0,1.0,54.74550561797753,54.74550561797753,1.0,1.0,53.74550561797753,26.872752808988764,1.0
LONDON,delay1,45,Y2026,ALL,780,56.303525641025644,47.625,0.39615384615384613,42.43429487179487,0.20154238895143828,1.0,55.803525641025644,111.60705128205129,1.0,2.0,1.0,55.303525641025644,55.303525641025644,1.0,1.0,54.303525641025644,27.151762820512822,1.0
NY_PM,next_open,15,IS,HIGH,3980,12.193655778894472,7.0,0.2741206030150754,20.748743718592966,0.37232521489242393,1.0,11.693655778894472,23.387311557788944,1.0,2.0,0.9992462311557789,11.193655778894472,11.193655778894472,0.9962311557788944,0.9562814070351758,10.193655778894472,5.096827889447236,0.9359296482412061
NY_PM,next_open,15,IS,LOW,3863,8.91632151177841,5.5,0.06393994304944343,6.614548278539995,0.08818656745260879,1.0,8.41632151177841,16.83264302355682,1.0,2.0,0.9979290706704633,7.916321511778411,7.916321511778411,0.9917162826818535,0.9301061351281388,6.916321511778411,3.4581607558892054,0.9024074553455863
NY_PM,next_open,15,IS,ALL,11704,10.5620514354067,6.25,0.1584073820915926,13.068288619275462,0.21099726249585127,1.0,10.0620514354067,20.1241028708134,1.0,2.0,0.9988038277511961,9.5620514354067,9.5620514354067,0.9940191387559809,0.9418147641831852,8.5620514354067,4.28102571770335,0.9187457279562543
NY_PM,next_open,15,Validation,HIGH,1447,31.94678645473393,26.25,0.2653766413268832,57.149447131997235,0.37379889465018556,1.0,31.44678645473393,62.89357290946786,1.0,2.0,1.0,30.94678645473393,30.94678645473393,1.0,1.0,29.94678645473393,14.973393227366966,1.0
NY_PM,next_open,15,Validation,LOW,1042,28.186180422264876,24.25,0.06238003838771593,19.96641074856046,0.08694833243310614,1.0,27.686180422264876,55.37236084452975,1.0,2.0,1.0,27.186180422264876,27.186180422264876,1.0,1.0,26.186180422264876,13.093090211132438,1.0
NY_PM,next_open,15,Validation,ALL,3741,29.7802058273189,25.0,0.1595829991980754,38.373229083132856,0.22452772554726538,1.0,29.2802058273189,58.5604116546378,1.0,2.0,1.0,28.7802058273189,28.7802058273189,1.0,1.0,27.7802058273189,13.89010291365945,1.0
NY_PM,next_open,15,OOS,HIGH,686,49.62427113702624,37.875,0.28717201166180756,88.18367346938776,0.3706128975546373,1.0,49.12427113702624,98.24854227405248,1.0,2.0,1.0,48.62427113702624,48.62427113702624,1.0,1.0,47.62427113702624,23.81213556851312,1.0
NY_PM,next_open,15,OOS,LOW,677,35.57127031019203,28.5,0.03840472673559823,31.62850812407681,0.09619642021948833,1.0,35.07127031019203,70.14254062038405,1.0,2.0,1.0,34.57127031019203,34.57127031019203,1.0,1.0,33.57127031019203,16.785635155096013,1.0
NY_PM,next_open,15,OOS,ALL,1988,43.734406438631794,33.5,0.16096579476861167,55.217806841046276,0.20879371128115218,1.0,43.234406438631794,86.46881287726359,1.0,2.0,1.0,42.734406438631794,42.734406438631794,1.0,1.0,41.734406438631794,20.867203219315897,1.0
NY_PM,next_open,15,Y2025,HIGH,469,48.71535181236674,35.25,0.31343283582089554,83.63113006396588,0.3816702531952965,1.0,48.21535181236674,96.43070362473348,1.0,2.0,1.0,47.71535181236674,47.71535181236674,1.0,1.0,46.71535181236674,23.35767590618337,1.0
NY_PM,next_open,15,Y2025,LOW,381,32.08464566929134,26.0,0.03412073490813648,27.504593175853017,0.09572318980570135,1.0,31.584645669291337,63.169291338582674,1.0,2.0,1.0,31.084645669291337,31.084645669291337,1.0,1.0,30.084645669291337,15.042322834645669,1.0
NY_PM,next_open,15,Y2025,ALL,1238,40.70557350565428,30.0,0.17205169628432956,51.806946688206786,0.22119684053293806,1.0,40.20557350565428,80.41114701130856,1.0,2.0,1.0,39.70557350565428,39.70557350565428,1.0,1.0,38.70557350565428,19.35278675282714,1.0
NY_PM,next_open,15,Y2026,HIGH,217,51.58870967741935,42.5,0.2304147465437788,98.02304147465438,0.34671474181514816,1.0,51.08870967741935,102.1774193548387,1.0,2.0,1.0,50.58870967741935,50.58870967741935,1.0,1.0,49.58870967741935,24.794354838709676,1.0
NY_PM,next_open,15,Y2026,LOW,296,40.05912162162162,32.0,0.04391891891891892,36.9366554054054,0.09680554450209924,1.0,39.55912162162162,79.11824324324324,1.0,2.0,1.0,39.05912162162162,39.05912162162162,1.0,1.0,38.05912162162162,19.02956081081081,1.0
NY_PM,next_open,15,Y2026,ALL,750,48.734,39.75,0.14266666666666666,60.848,0.18832027926287082,1.0,48.234,96.468,1.0,2.0,1.0,47.734,47.734,1.0,1.0,46.734,23.367,1.0
NY_PM,next_open,30,IS,HIGH,3980,16.936934673366835,10.0,0.5178391959798995,20.748743718592966,0.37232521489242393,1.0,16.436934673366835,32.87386934673367,1.0,2.0,1.0,15.936934673366833,15.936934673366833,0.9994974874371859,0.9914572864321608,14.936934673366833,7.468467336683417,0.9806532663316583
NY_PM,next_open,30,IS,LOW,3863,12.513461040641989,7.75,0.18017085166968677,6.614548278539995,0.08818656745260879,1.0,12.013461040641989,24.026922081283978,1.0,2.0,1.0,11.513461040641989,11.513461040641989,0.9992234015014237,0.9849857623608594,10.513461040641989,5.256730520320994,0.9725601863836396
NY_PM,next_open,30,IS,ALL,11704,14.745044429254955,8.75,0.33877306903622695,13.068288619275462,0.21099726249585127,1.0,14.245044429254955,28.49008885850991,1.0,2.0,0.9999145591250854,13.745044429254955,13.745044429254955,0.9993164730006835,0.987012987012987,12.745044429254955,6.372522214627478,0.9752221462747779
NY_PM,next_open,30,Validation,HIGH,1447,45.59329647546648,37.25,0.5362819626814098,57.149447131997235,0.37379889465018556,1.0,45.09329647546648,90.18659295093296,1.0,2.0,1.0,44.59329647546648,44.59329647546648,1.0,1.0,43.59329647546648,21.79664823773324,1.0
NY_PM,next_open,30,Validation,LOW,1042,39.40475047984645,33.0,0.17754318618042225,19.96641074856046,0.08694833243310614,1.0,38.90475047984645,77.8095009596929,1.0,2.0,1.0,38.40475047984645,38.40475047984645,1.0,1.0,37.40475047984645,18.702375239923224,1.0
NY_PM,next_open,30,Validation,ALL,3741,42.2036888532478,34.75,0.3627372360331462,38.373229083132856,0.22452772554726538,1.0,41.7036888532478,83.4073777064956,1.0,2.0,1.0,41.2036888532478,41.2036888532478,1.0,1.0,40.2036888532478,20.1018444266239,1.0
NY_PM,next_open,30,OOS,HIGH,686,70.8061224489796,53.875,0.5058309037900874,88.18367346938776,0.3706128975546373,1.0,70.3061224489796,140.6122448979592,1.0,2.0,1.0,69.8061224489796,69.8061224489796,1.0,1.0,68.8061224489796,34.4030612244898,1.0
NY_PM,next_open,30,OOS,LOW,677,50.13589364844904,40.25,0.13737075332348597,31.62850812407681,0.09619642021948833,1.0,49.63589364844904,99.27178729689808,1.0,2.0,1.0,49.13589364844904,49.13589364844904,1.0,1.0,48.13589364844904,24.06794682422452,1.0
NY_PM,next_open,30,OOS,ALL,1988,61.30784708249497,48.0,0.3158953722334004,55.217806841046276,0.20879371128115218,1.0,60.80784708249497,121.61569416498995,1.0,2.0,1.0,60.30784708249497,60.30784708249497,1.0,1.0,59.30784708249497,29.653923541247487,1.0
NY_PM,next_open,30,Y2025,HIGH,469,69.2771855010661,52.25,0.5543710021321961,83.63113006396588,0.3816702531952965,1.0,68.7771855010661,137.5543710021322,1.0,2.0,1.0,68.2771855010661,68.2771855010661,1.0,1.0,67.2771855010661,33.63859275053305,1.0
NY_PM,next_open,30,Y2025,LOW,381,45.75,36.75,0.13910761154855644,27.504593175853017,0.09572318980570135,1.0,45.25,90.5,1.0,2.0,1.0,44.75,44.75,1.0,1.0,43.75,21.875,1.0
NY_PM,next_open,30,Y2025,ALL,1238,57.63610662358643,43.25,0.34168012924071084,51.806946688206786,0.22119684053293806,1.0,57.13610662358643,114.27221324717286,1.0,2.0,1.0,56.63610662358643,56.63610662358643,1.0,1.0,55.63610662358643,27.818053311793214,1.0
NY_PM,next_open,30,Y2026,HIGH,217,74.11059907834101,58.25,0.4009216589861751,98.02304147465438,0.34671474181514816,1.0,73.61059907834101,147.22119815668202,1.0,2.0,1.0,73.11059907834101,73.11059907834101,1.0,1.0,72.11059907834101,36.055299539170505,1.0
NY_PM,next_open,30,Y2026,LOW,296,55.78125,47.0,0.13513513513513514,36.9366554054054,0.09680554450209924,1.0,55.28125,110.5625,1.0,2.0,1.0,54.78125,54.78125,1.0,1.0,53.78125,26.890625,1.0
NY_PM,next_open,30,Y2026,ALL,750,67.36866666666667,55.75,0.2733333333333333,60.848,0.18832027926287082,1.0,66.86866666666667,133.73733333333334,1.0,2.0,1.0,66.36866666666667,66.36866666666667,1.0,1.0,65.36866666666667,32.684333333333335,1.0
NY_PM,next_open,45,IS,HIGH,3980,20.7714824120603,12.25,0.6776381909547738,20.748743718592966,0.37232521489242393,1.0,20.2714824120603,40.5429648241206,1.0,2.0,1.0,19.7714824120603,19.7714824120603,1.0,0.9972361809045226,18.7714824120603,9.38574120603015,0.9939698492462311
NY_PM,next_open,45,IS,LOW,3863,15.444279057727154,9.75,0.28863577530416773,6.614548278539995,0.08818656745260879,1.0,14.944279057727154,29.88855811545431,1.0,2.0,1.0,14.444279057727154,14.444279057727154,1.0,0.9958581413409268,13.444279057727154,6.722139528863577,0.9919751488480456
NY_PM,next_open,45,IS,ALL,11704,18.156848086124402,11.0,0.4788961038961039,13.068288619275462,0.21099726249585127,1.0,17.656848086124402,35.313696172248804,1.0,2.0,1.0,17.156848086124402,17.156848086124402,0.9999145591250854,0.9958133971291866,16.156848086124402,8.078424043062201,0.9916267942583732
NY_PM,next_open,45,Validation,HIGH,1447,56.2232204561161,45.5,0.6917760884588804,57.149447131997235,0.37379889465018556,1.0,55.7232204561161,111.4464409122322,1.0,2.0,1.0,55.2232204561161,55.2232204561161,1.0,1.0,54.2232204561161,27.11161022805805,1.0
NY_PM,next_open,45,Validation,LOW,1042,49.189779270633395,41.5,0.30134357005758156,19.96641074856046,0.08694833243310614,1.0,48.689779270633395,97.37955854126679,1.0,2.0,1.0,48.189779270633395,48.189779270633395,1.0,1.0,47.189779270633395,23.594889635316697,1.0
NY_PM,next_open,45,Validation,ALL,3741,52.6186848436247,43.5,0.5137663726276397,38.373229083132856,0.22452772554726538,1.0,52.1186848436247,104.2373696872494,1.0,2.0,1.0,51.6186848436247,51.6186848436247,1.0,1.0,50.6186848436247,25.30934242181235,1.0
NY_PM,next_open,45,OOS,HIGH,686,85.12718658892128,66.75,0.6341107871720116,88.18367346938776,0.3706128975546373,1.0,84.62718658892128,169.25437317784255,1.0,2.0,1.0,84.12718658892128,84.12718658892128,1.0,1.0,83.12718658892128,41.56359329446064,1.0
NY_PM,next_open,45,OOS,LOW,677,60.011078286558345,49.0,0.20827178729689808,31.62850812407681,0.09619642021948833,1.0,59.511078286558345,119.02215657311669,1.0,2.0,1.0,59.011078286558345,59.011078286558345,1.0,1.0,58.011078286558345,29.005539143279172,1.0
NY_PM,next_open,45,OOS,ALL,1988,73.35990945674044,58.0,0.42303822937625757,55.217806841046276,0.20879371128115218,1.0,72.85990945674044,145.71981891348088,1.0,2.0,1.0,72.35990945674044,72.35990945674044,1.0,1.0,71.35990945674044,35.67995472837022,1.0
NY_PM,next_open,45,Y2025,HIGH,469,84.06023454157783,62.75,0.6801705756929638,83.63113006396588,0.3816702531952965,1.0,83.56023454157783,167.12046908315565,1.0,2.0,1.0,83.06023454157783,83.06023454157783,1.0,1.0,82.06023454157783,41.030117270788914,1.0
NY_PM,next_open,45,Y2025,LOW,381,55.24671916010499,43.5,0.22572178477690288,27.504593175853017,0.09572318980570135,1.0,54.74671916010499,109.49343832020998,1.0,2.0,1.0,54.24671916010499,54.24671916010499,1.0,1.0,53.24671916010499,26.623359580052494,1.0
NY_PM,next_open,45,Y2025,ALL,1238,69.82148626817448,53.25,0.4620355411954766,51.806946688206786,0.22119684053293806,1.0,69.32148626817448,138.64297253634896,1.0,2.0,1.0,68.82148626817448,68.82148626817448,1.0,1.0,67.82148626817448,33.91074313408724,1.0
NY_PM,next_open,45,Y2026,HIGH,217,87.4331797235023,71.25,0.5345622119815668,98.02304147465438,0.34671474181514816,1.0,86.9331797235023,173.8663594470046,1.0,2.0,1.0,86.4331797235023,86.4331797235023,1.0,1.0,85.4331797235023,42.71658986175115,1.0
NY_PM,next_open,45,Y2026,LOW,296,66.14358108108108,58.5,0.1858108108108108,36.9366554054054,0.09680554450209924,1.0,65.64358108108108,131.28716216216216,1.0,2.0,1.0,65.14358108108108,65.14358108108108,1.0,1.0,64.14358108108108,32.07179054054054,1.0
NY_PM,next_open,45,Y2026,ALL,750,79.20066666666666,67.625,0.3586666666666667,60.848,0.18832027926287082,1.0,78.70066666666666,157.40133333333333,1.0,2.0,1.0,78.20066666666666,78.20066666666666,1.0,1.0,77.20066666666666,38.60033333333333,1.0
NY_PM,delay1,15,IS,HIGH,3977,12.045260246416897,7.25,0.272818707568519,20.76238370631129,0.37249766388940886,1.0,11.545260246416897,23.090520492833793,1.0,2.0,0.9989942167462912,11.045260246416897,11.045260246416897,0.9954739753583103,0.9527281870756852,10.045260246416897,5.022630123208448,0.9308524013075182
NY_PM,delay1,15,IS,LOW,3860,8.847927461139896,5.5,0.061917098445595856,6.6178108808290155,0.08816446717145872,1.0,8.347927461139896,16.695854922279793,1.0,2.0,0.9976683937823834,7.847927461139896,7.847927461139896,0.9904145077720208,0.9310880829015544,6.847927461139896,3.423963730569948,0.8987046632124353
NY_PM,delay1,15,IS,ALL,11696,10.456309849521205,6.25,0.15706224350205197,13.075709644322846,0.2110634414305952,1.0,9.956309849521205,19.91261969904241,1.0,2.0,0.9986320109439124,9.456309849521205,9.456309849521205,0.9934165526675787,0.9422879616963065,8.456309849521205,4.228154924760602,0.9144151846785226
NY_PM,delay1,15,Validation,HIGH,1447,31.657394609536972,25.75,0.27574291637871456,57.149447131997235,0.37379889465018556,1.0,31.157394609536972,62.314789219073944,1.0,2.0,1.0,30.657394609536972,30.657394609536972,1.0,1.0,29.657394609536972,14.828697304768486,1.0
NY_PM,delay1,15,Validation,LOW,1042,28.077015355086374,23.5,0.05950095969289827,19.96641074856046,0.08694833243310614,1.0,27.577015355086374,55.15403071017275,1.0,2.0,1.0,27.077015355086374,27.077015355086374,1.0,1.0,26.077015355086374,13.038507677543187,1.0
NY_PM,delay1,15,Validation,ALL,3741,29.759489441325847,24.75,0.16599839615076184,38.373229083132856,0.22452772554726538,1.0,29.259489441325847,58.518978882651695,1.0,2.0,1.0,28.759489441325847,28.759489441325847,1.0,1.0,27.759489441325847,13.879744720662924,1.0
NY_PM,delay1,15,OOS,HIGH,686,49.29992711370262,37.875,0.2915451895043732,88.18367346938776,0.3706128975546373,1.0,48.79992711370262,97.59985422740525,1.0,2.0,1.0,48.29992711370262,48.29992711370262,1.0,1.0,47.29992711370262,23.64996355685131,1.0
NY_PM,delay1,15,OOS,LOW,677,35.43426883308715,28.75,0.03692762186115214,31.62850812407681,0.09619642021948833,1.0,34.93426883308715,69.8685376661743,1.0,2.0,1.0,34.43426883308715,34.43426883308715,1.0,1.0,33.43426883308715,16.717134416543576,1.0
NY_PM,delay1,15,OOS,ALL,1988,43.44554828973843,33.5,0.16046277665995975,55.217806841046276,0.20879371128115218,1.0,42.94554828973843,85.89109657947687,1.0,2.0,1.0,42.44554828973843,42.44554828973843,1.0,1.0,41.44554828973843,20.722774144869216,1.0
NY_PM,delay1,15,Y2025,HIGH,469,48.09434968017057,36.0,0.3347547974413646,83.63113006396588,0.3816702531952965,1.0,47.59434968017057,95.18869936034115,1.0,2.0,1.0,47.09434968017057,47.09434968017057,1.0,1.0,46.09434968017057,23.047174840085287,1.0
NY_PM,delay1,15,Y2025,LOW,381,31.921916010498688,25.0,0.03674540682414698,27.504593175853017,0.09572318980570135,1.0,31.421916010498688,62.843832020997375,1.0,2.0,1.0,30.921916010498688,30.921916010498688,1.0,1.0,29.921916010498688,14.960958005249344,1.0
NY_PM,delay1,15,Y2025,ALL,1238,40.25302907915994,30.25,0.18174474959612277,51.806946688206786,0.22119684053293806,1.0,39.75302907915994,79.50605815831987,1.0,2.0,1.0,39.25302907915994,39.25302907915994,1.0,1.0,38.25302907915994,19.12651453957997,1.0
NY_PM,delay1,15,Y2026,HIGH,217,51.90552995391705,42.5,0.19815668202764977,98.02304147465438,0.34671474181514816,1.0,51.40552995391705,102.8110599078341,1.0,2.0,1.0,50.90552995391705,50.90552995391705,1.0,1.0,49.90552995391705,24.952764976958527,1.0
NY_PM,delay1,15,Y2026,LOW,296,39.955236486486484,33.25,0.037162162162162164,36.9366554054054,0.09680554450209924,1.0,39.455236486486484,78.91047297297297,1.0,2.0,1.0,38.955236486486484,38.955236486486484,1.0,1.0,37.955236486486484,18.977618243243242,1.0
NY_PM,delay1,15,Y2026,ALL,750,48.715333333333334,40.25,0.12533333333333332,60.848,0.18832027926287082,1.0,48.215333333333334,96.43066666666667,1.0,2.0,1.0,47.715333333333334,47.715333333333334,1.0,1.0,46.715333333333334,23.357666666666667,1.0
NY_PM,delay1,30,IS,HIGH,3977,16.87968317827508,10.25,0.5147095800854916,20.76238370631129,0.37249766388940886,1.0,16.37968317827508,32.75936635655016,1.0,2.0,0.9997485541865728,15.879683178275082,15.879683178275082,0.9997485541865728,0.9891878300226301,14.879683178275082,7.439841589137541,0.9798843349258235
NY_PM,delay1,30,IS,LOW,3860,12.51619170984456,7.75,0.17797927461139895,6.6178108808290155,0.08816446717145872,1.0,12.01619170984456,24.03238341968912,1.0,2.0,1.0,11.51619170984456,11.51619170984456,0.9994818652849741,0.983419689119171,10.51619170984456,5.25809585492228,0.9720207253886011
NY_PM,delay1,30,IS,ALL,11696,14.705412106703147,8.75,0.33678180574555405,13.075709644322846,0.2110634414305952,1.0,14.205412106703147,28.410824213406293,1.0,2.0,0.9999145006839946,13.705412106703147,13.705412106703147,0.9994870041039672,0.9859781121751026,12.705412106703147,6.352706053351573,0.9741792065663475
NY_PM,delay1,30,Validation,HIGH,1447,45.56651693158258,37.0,0.5321354526606773,57.149447131997235,0.37379889465018556,1.0,45.06651693158258,90.13303386316517,1.0,2.0,1.0,44.56651693158258,44.56651693158258,1.0,1.0,43.56651693158258,21.78325846579129,1.0
NY_PM,delay1,30,Validation,LOW,1042,39.672504798464495,33.75,0.18426103646833014,19.96641074856046,0.08694833243310614,1.0,39.172504798464495,78.34500959692899,1.0,2.0,1.0,38.672504798464495,38.672504798464495,1.0,1.0,37.672504798464495,18.836252399232247,1.0
NY_PM,delay1,30,Validation,ALL,3741,42.49873028601978,35.25,0.36728147554129914,38.373229083132856,0.22452772554726538,1.0,41.99873028601978,83.99746057203956,1.0,2.0,1.0,41.49873028601978,41.49873028601978,1.0,1.0,40.49873028601978,20.24936514300989,1.0
NY_PM,delay1,30,OOS,HIGH,686,70.00072886297376,54.25,0.521865889212828,88.18367346938776,0.3706128975546373,1.0,69.50072886297376,139.00145772594752,1.0,2.0,1.0,69.00072886297376,69.00072886297376,1.0,1.0,68.00072886297376,34.00036443148688,1.0
NY_PM,delay1,30,OOS,LOW,677,49.7788035450517,40.5,0.1344165435745938,31.62850812407681,0.09619642021948833,1.0,49.2788035450517,98.5576070901034,1.0,2.0,1.0,48.7788035450517,48.7788035450517,1.0,1.0,47.7788035450517,23.88940177252585,1.0
NY_PM,delay1,30,OOS,ALL,1988,60.67769114688129,48.375,0.3153923541247485,55.217806841046276,0.20879371128115218,1.0,60.17769114688129,120.35538229376257,1.0,2.0,1.0,59.67769114688129,59.67769114688129,1.0,1.0,58.67769114688129,29.338845573440643,1.0
NY_PM,delay1,30,Y2025,HIGH,469,68.24253731343283,51.75,0.5650319829424307,83.63113006396588,0.3816702531952965,1.0,67.74253731343283,135.48507462686567,1.0,2.0,1.0,67.24253731343283,67.24253731343283,1.0,1.0,66.24253731343283,33.12126865671642,1.0
NY_PM,delay1,30,Y2025,LOW,381,45.54658792650918,36.25,0.13385826771653545,27.504593175853017,0.09572318980570135,1.0,45.04658792650918,90.09317585301837,1.0,2.0,1.0,44.54658792650918,44.54658792650918,1.0,1.0,43.54658792650918,21.77329396325459,1.0
NY_PM,delay1,30,Y2025,ALL,1238,57.05674474959612,43.0,0.34248788368336025,51.806946688206786,0.22119684053293806,1.0,56.55674474959612,113.11348949919224,1.0,2.0,1.0,56.05674474959612,56.05674474959612,1.0,1.0,55.05674474959612,27.52837237479806,1.0
NY_PM,delay1,30,Y2026,HIGH,217,73.80069124423963,60.25,0.42857142857142855,98.02304147465438,0.34671474181514816,1.0,73.30069124423963,146.60138248847926,1.0,2.0,1.0,72.80069124423963,72.80069124423963,1.0,1.0,71.80069124423963,35.900345622119815,1.0
NY_PM,delay1,30,Y2026,LOW,296,55.226351351351354,47.5,0.13513513513513514,36.9366554054054,0.09680554450209924,1.0,54.726351351351354,109.45270270270271,1.0,2.0,1.0,54.226351351351354,54.226351351351354,1.0,1.0,53.226351351351354,26.613175675675677,1.0
NY_PM,delay1,30,Y2026,ALL,750,66.65466666666667,55.75,0.27066666666666667,60.848,0.18832027926287082,1.0,66.15466666666667,132.30933333333334,1.0,2.0,1.0,65.65466666666667,65.65466666666667,1.0,1.0,64.65466666666667,32.327333333333335,1.0
NY_PM,delay1,45,IS,HIGH,3977,20.63917525773196,12.25,0.6698516469700779,20.76238370631129,0.37249766388940886,1.0,20.13917525773196,40.27835051546392,1.0,2.0,1.0,19.63917525773196,19.63917525773196,1.0,0.9969826502388736,18.63917525773196,9.31958762886598,0.9932109630374655
NY_PM,delay1,45,IS,LOW,3860,15.462240932642487,9.75,0.28808290155440414,6.6178108808290155,0.08816446717145872,1.0,14.962240932642487,29.924481865284974,1.0,2.0,1.0,14.462240932642487,14.462240932642487,1.0,0.9937823834196892,13.462240932642487,6.731120466321244,0.9906735751295337
NY_PM,delay1,45,IS,ALL,11696,18.10093194254446,11.0,0.47819767441860467,13.075709644322846,0.2110634414305952,1.0,17.60093194254446,35.20186388508892,1.0,2.0,1.0,17.10093194254446,17.10093194254446,1.0,0.9953830369357045,16.10093194254446,8.05046597127223,0.9913645690834473
NY_PM,delay1,45,Validation,HIGH,1447,55.963199723566,45.5,0.6876295784381479,57.149447131997235,0.37379889465018556,1.0,55.463199723566,110.926399447132,1.0,2.0,1.0,54.963199723566,54.963199723566,1.0,1.0,53.963199723566,26.981599861783,1.0
NY_PM,delay1,45,Validation,LOW,1042,49.27927063339731,42.25,0.29942418426103645,19.96641074856046,0.08694833243310614,1.0,48.77927063339731,97.55854126679462,1.0,2.0,1.0,48.27927063339731,48.27927063339731,1.0,1.0,47.27927063339731,23.639635316698655,1.0
NY_PM,delay1,45,Validation,ALL,3741,52.68404170008019,44.0,0.5175086875167068,38.373229083132856,0.22452772554726538,1.0,52.18404170008019,104.36808340016039,1.0,2.0,1.0,51.68404170008019,51.68404170008019,1.0,1.0,50.68404170008019,25.342020850040097,1.0
NY_PM,delay1,45,OOS,HIGH,686,84.3039358600583,64.75,0.6486880466472303,88.18367346938776,0.3706128975546373,1.0,83.8039358600583,167.6078717201166,1.0,2.0,1.0,83.3039358600583,83.3039358600583,1.0,1.0,82.3039358600583,41.15196793002915,1.0
NY_PM,delay1,45,OOS,LOW,677,59.98929098966027,48.25,0.20974889217134415,31.62850812407681,0.09619642021948833,1.0,59.48929098966027,118.97858197932054,1.0,2.0,1.0,58.98929098966027,58.98929098966027,1.0,1.0,57.98929098966027,28.994645494830134,1.0
NY_PM,delay1,45,OOS,ALL,1988,72.83299798792757,57.75,0.42655935613682094,55.217806841046276,0.20879371128115218,1.0,72.33299798792757,144.66599597585514,1.0,2.0,1.0,71.83299798792757,71.83299798792757,1.0,1.0,70.83299798792757,35.416498993963785,1.0
NY_PM,delay1,45,Y2025,HIGH,469,82.86780383795309,62.25,0.6908315565031983,83.63113006396588,0.3816702531952965,1.0,82.36780383795309,164.73560767590618,1.0,2.0,1.0,81.86780383795309,81.86780383795309,1.0,1.0,80.86780383795309,40.433901918976545,1.0
NY_PM,delay1,45,Y2025,LOW,381,55.59514435695538,44.5,0.2283464566929134,27.504593175853017,0.09572318980570135,1.0,55.09514435695538,110.19028871391076,1.0,2.0,1.0,54.59514435695538,54.59514435695538,1.0,1.0,53.59514435695538,26.79757217847769,1.0
NY_PM,delay1,45,Y2025,ALL,1238,69.27968497576737,52.5,0.46607431340872374,51.806946688206786,0.22119684053293806,1.0,68.77968497576737,137.55936995153473,1.0,2.0,1.0,68.27968497576737,68.27968497576737,1.0,1.0,67.27968497576737,33.63984248788368,1.0
NY_PM,delay1,45,Y2026,HIGH,217,87.40783410138249,70.5,0.5576036866359447,98.02304147465438,0.34671474181514816,1.0,86.90783410138249,173.81566820276498,1.0,2.0,1.0,86.40783410138249,86.40783410138249,1.0,1.0,85.40783410138249,42.703917050691246,1.0
NY_PM,delay1,45,Y2026,LOW,296,65.64527027027027,56.0,0.1858108108108108,36.9366554054054,0.09680554450209924,1.0,65.14527027027027,130.29054054054055,1.0,2.0,1.0,64.64527027027027,64.64527027027027,1.0,1.0,63.645270270270274,31.822635135135137,1.0
NY_PM,delay1,45,Y2026,ALL,750,78.69833333333334,65.0,0.36133333333333334,60.848,0.18832027926287082,1.0,78.19833333333334,156.39666666666668,1.0,2.0,1.0,77.69833333333334,77.69833333333334,1.0,1.0,76.69833333333334,38.34916666666667,1.0
NY_AM,next_open,15,IS,HIGH,3280,14.878658536585366,9.5,0.8926829268292683,28.78330792682927,1.0168099049172403,1.0,14.378658536585366,28.757317073170732,1.0,2.0,1.0,13.878658536585366,13.878658536585366,0.9996951219512196,0.9926829268292683,12.878658536585366,6.439329268292683,0.9871951219512195
NY_AM,next_open,15,IS,LOW,3183,17.16760917373547,11.0,0.5086396481306943,16.210885956644674,0.25080323143136984,1.0,16.66760917373547,33.33521834747094,0.9984291548853284,2.0,0.9952874646559849,16.16760917373547,16.16760917373547,0.9915174363807728,0.9758089852340559,15.16760917373547,7.583804586867735,0.9682689286836318
NY_AM,next_open,15,IS,ALL,9645,16.12812337998963,10.25,0.7188180404354588,21.95611715914982,0.5798987021047635,1.0,15.628123379989631,31.256246759979263,0.9994815966822188,2.0,0.9984447900466563,15.128123379989631,15.128123379989631,0.997096941420425,0.9867288750648004,14.128123379989631,7.064061689994816,0.9799896319336444
NY_AM,next_open,15,Validation,HIGH,922,46.99213665943601,40.5,0.8947939262472885,91.74267895878525,0.9896847190762189,1.0,46.49213665943601,92.98427331887201,1.0,2.0,1.0,45.99213665943601,45.99213665943601,1.0,1.0,44.99213665943601,22.496068329718003,1.0
NY_AM,next_open,15,Validation,LOW,1180,46.73050847457627,40.5,0.511864406779661,42.86398305084746,0.24865976299049206,1.0,46.23050847457627,92.46101694915254,1.0,2.0,1.0,45.73050847457627,45.73050847457627,1.0,1.0,44.73050847457627,22.365254237288134,1.0
NY_AM,next_open,15,Validation,ALL,3096,46.636224160206716,40.25,0.7002583979328165,63.064760981912144,0.5391164560201511,1.0,46.136224160206716,92.27244832041343,1.0,2.0,1.0,45.636224160206716,45.636224160206716,1.0,1.0,44.636224160206716,22.318112080103358,1.0
NY_AM,next_open,15,OOS,HIGH,580,72.875,58.75,0.8827586206896552,136.21508620689656,1.062945351374667,1.0,72.375,144.75,1.0,2.0,1.0,71.875,71.875,1.0,1.0,70.875,35.4375,1.0
NY_AM,next_open,15,OOS,LOW,561,69.19964349376114,57.75,0.49376114081996436,63.88235294117647,0.24729322049190938,1.0,68.69964349376114,137.3992869875223,1.0,2.0,1.0,68.19964349376114,68.19964349376114,1.0,1.0,67.19964349376114,33.59982174688057,1.0
NY_AM,next_open,15,OOS,ALL,1648,68.86438106796116,57.375,0.6941747572815534,97.15260922330097,0.610549595066938,1.0,68.36438106796116,136.72876213592232,1.0,2.0,1.0,67.86438106796116,67.86438106796116,1.0,1.0,66.86438106796116,33.43219053398058,1.0
NY_AM,next_open,15,Y2025,HIGH,346,62.84393063583815,47.125,0.8786127167630058,117.28468208092485,1.0431041620408166,1.0,62.34393063583815,124.6878612716763,1.0,2.0,1.0,61.84393063583815,61.84393063583815,1.0,1.0,60.84393063583815,30.421965317919074,1.0
NY_AM,next_open,15,Y2025,LOW,348,64.0007183908046,51.5,0.514367816091954,60.946120689655174,0.2591322151458683,1.0,63.5007183908046,127.0014367816092,1.0,2.0,1.0,63.0007183908046,63.0007183908046,1.0,1.0,62.0007183908046,31.0003591954023,1.0
NY_AM,next_open,15,Y2025,ALL,1028,60.67558365758755,49.0,0.6916342412451362,85.39713035019456,0.5986184164664552,1.0,60.17558365758755,120.3511673151751,1.0,2.0,1.0,59.67558365758755,59.67558365758755,1.0,1.0,58.67558365758755,29.337791828793776,1.0
NY_AM,next_open,15,Y2026,HIGH,234,87.70726495726495,76.0,0.8888888888888888,164.2061965811966,1.0922831783383944,1.0,87.20726495726495,174.4145299145299,1.0,2.0,1.0,86.70726495726495,86.70726495726495,1.0,1.0,85.70726495726495,42.85363247863248,1.0
NY_AM,next_open,15,Y2026,LOW,213,77.69366197183099,70.5,0.460093896713615,68.67957746478874,0.2279506376769905,1.0,77.19366197183099,154.38732394366198,1.0,2.0,1.0,76.69366197183099,76.69366197183099,1.0,1.0,75.69366197183099,37.846830985915496,1.0
NY_AM,next_open,15,Y2026,ALL,620,82.44193548387096,73.125,0.6983870967741935,116.64395161290322,0.6303322589399966,1.0,81.94193548387096,163.88387096774193,1.0,2.0,1.0,81.44193548387096,81.44193548387096,1.0,1.0,80.44193548387096,40.22096774193548,1.0
NY_AM,next_open,30,IS,HIGH,3280,20.20106707317073,13.25,0.9725609756097561,28.78330792682927,1.0168099049172403,1.0,19.70106707317073,39.40213414634146,1.0,2.0,1.0,19.20106707317073,19.20106707317073,1.0,0.999390243902439,18.20106707317073,9.100533536585365,0.9981707317073171
NY_AM,next_open,30,IS,LOW,3183,23.52851083883129,15.0,0.7298146402764687,16.210885956644674,0.25080323143136984,1.0,23.02851083883129,46.05702167766258,1.0,2.0,0.9993716619541313,22.52851083883129,22.52851083883129,0.998114985862394,0.9912032673578385,21.52851083883129,10.764255419415646,0.9890040841972981
NY_AM,next_open,30,IS,ALL,9645,22.07900466562986,14.0,0.8700881285640228,21.95611715914982,0.5798987021047635,1.0,21.57900466562986,43.15800933125972,1.0,2.0,0.9997926386728875,21.07900466562986,21.07900466562986,0.9993779160186625,0.9965785381026439,20.07900466562986,10.03950233281493,0.9951270088128564
NY_AM,next_open,30,Validation,HIGH,922,64.82836225596529,54.5,0.9663774403470716,91.74267895878525,0.9896847190762189,1.0,64.32836225596529,128.65672451193058,1.0,2.0,1.0,63.828362255965295,63.828362255965295,1.0,1.0,62.828362255965295,31.414181127982648,1.0
NY_AM,next_open,30,Validation,LOW,1180,63.047457627118646,54.25,0.7110169491525423,42.86398305084746,0.24865976299049206,1.0,62.547457627118646,125.09491525423729,1.0,2.0,1.0,62.047457627118646,62.047457627118646,1.0,1.0,61.047457627118646,30.523728813559323,1.0
NY_AM,next_open,30,Validation,ALL,3096,63.73812984496124,54.5,0.8569121447028424,63.064760981912144,0.5391164560201511,1.0,63.23812984496124,126.47625968992249,1.0,2.0,1.0,62.73812984496124,62.73812984496124,1.0,1.0,61.73812984496124,30.86906492248062,1.0
NY_AM,next_open,30,OOS,HIGH,580,98.38103448275862,77.625,0.9758620689655172,136.21508620689656,1.062945351374667,1.0,97.88103448275862,195.76206896551724,1.0,2.0,1.0,97.38103448275862,97.38103448275862,1.0,1.0,96.38103448275862,48.19051724137931,1.0
NY_AM,next_open,30,OOS,LOW,561,93.34714795008912,77.25,0.6934046345811051,63.88235294117647,0.24729322049190938,1.0,92.84714795008912,185.69429590017825,1.0,2.0,1.0,92.34714795008912,92.34714795008912,1.0,1.0,91.34714795008912,45.67357397504456,1.0
NY_AM,next_open,30,OOS,ALL,1648,94.10452063106796,77.25,0.8537621359223301,97.15260922330097,0.610549595066938,1.0,93.60452063106796,187.2090412621359,1.0,2.0,1.0,93.10452063106796,93.10452063106796,1.0,1.0,92.10452063106796,46.05226031553398,1.0
NY_AM,next_open,30,Y2025,HIGH,346,83.17124277456648,66.0,0.9710982658959537,117.28468208092485,1.0431041620408166,1.0,82.67124277456648,165.34248554913296,1.0,2.0,1.0,82.17124277456648,82.17124277456648,1.0,1.0,81.17124277456648,40.58562138728324,1.0
NY_AM,next_open,30,Y2025,LOW,348,86.57399425287356,69.0,0.6982758620689655,60.946120689655174,0.2591322151458683,1.0,86.07399425287356,172.14798850574712,1.0,2.0,1.0,85.57399425287356,85.57399425287356,1.0,1.0,84.57399425287356,42.28699712643678,1.0
NY_AM,next_open,30,Y2025,ALL,1028,82.58803501945525,66.625,0.8521400778210116,85.39713035019456,0.5986184164664552,1.0,82.08803501945525,164.1760700389105,1.0,2.0,1.0,81.58803501945525,81.58803501945525,1.0,1.0,80.58803501945525,40.294017509727624,1.0
NY_AM,next_open,30,Y2026,HIGH,234,120.8707264957265,100.5,0.9829059829059829,164.2061965811966,1.0922831783383944,1.0,120.3707264957265,240.741452991453,1.0,2.0,1.0,119.8707264957265,119.8707264957265,1.0,1.0,118.8707264957265,59.43536324786325,1.0
NY_AM,next_open,30,Y2026,LOW,213,104.4131455399061,89.5,0.6854460093896714,68.67957746478874,0.2279506376769905,1.0,103.9131455399061,207.8262910798122,1.0,2.0,1.0,103.4131455399061,103.4131455399061,1.0,1.0,102.4131455399061,51.20657276995305,1.0
NY_AM,next_open,30,Y2026,ALL,620,113.19959677419355,94.5,0.8564516129032258,116.64395161290322,0.6303322589399966,1.0,112.69959677419355,225.3991935483871,1.0,2.0,1.0,112.19959677419355,112.19959677419355,1.0,1.0,111.19959677419355,55.599798387096776,1.0
NY_AM,next_open,45,IS,HIGH,3280,24.279954268292684,15.75,0.9853658536585366,28.78330792682927,1.0168099049172403,1.0,23.779954268292684,47.55990853658537,1.0,2.0,1.0,23.279954268292684,23.279954268292684,1.0,1.0,22.279954268292684,11.139977134146342,0.9996951219512196
NY_AM,next_open,45,IS,LOW,3183,28.007540056550425,17.5,0.8259503612943764,16.210885956644674,0.25080323143136984,1.0,27.507540056550425,55.01508011310085,1.0,2.0,0.9996858309770656,27.007540056550425,27.007540056550425,0.9996858309770656,0.9952874646559849,26.007540056550425,13.003770028275213,0.9943449575871819
NY_AM,next_open,45,IS,ALL,9645,26.29442716433385,16.5,0.9216174183514775,21.95611715914982,0.5798987021047635,1.0,25.79442716433385,51.5888543286677,1.0,2.0,0.9998963193364437,25.29442716433385,25.29442716433385,0.9998963193364437,0.9983411093831001,24.29442716433385,12.147213582166925,0.9978227060653189
NY_AM,next_open,45,Validation,HIGH,922,76.70688720173536,66.5,0.9859002169197397,91.74267895878525,0.9896847190762189,1.0,76.20688720173536,152.4137744034707,1.0,2.0,1.0,75.70688720173536,75.70688720173536,1.0,1.0,74.70688720173536,37.35344360086768,1.0
NY_AM,next_open,45,Validation,LOW,1180,74.60868644067797,63.75,0.8194915254237288,42.86398305084746,0.24865976299049206,1.0,74.10868644067797,148.21737288135594,1.0,2.0,1.0,73.60868644067797,73.60868644067797,1.0,1.0,72.60868644067797,36.304343220338986,1.0
NY_AM,next_open,45,Validation,ALL,3096,75.53254198966408,64.75,0.916343669250646,63.064760981912144,0.5391164560201511,1.0,75.03254198966408,150.06508397932816,1.0,2.0,1.0,74.53254198966408,74.53254198966408,1.0,1.0,73.53254198966408,36.76627099483204,1.0
NY_AM,next_open,45,OOS,HIGH,580,113.67112068965517,91.0,0.9879310344827587,136.21508620689656,1.062945351374667,1.0,113.17112068965517,226.34224137931034,1.0,2.0,1.0,112.67112068965517,112.67112068965517,1.0,1.0,111.67112068965517,55.835560344827584,1.0
NY_AM,next_open,45,OOS,LOW,561,110.12254901960785,90.0,0.7896613190730838,63.88235294117647,0.24729322049190938,1.0,109.62254901960785,219.2450980392157,1.0,2.0,1.0,109.12254901960785,109.12254901960785,1.0,1.0,108.12254901960785,54.06127450980392,1.0
NY_AM,next_open,45,OOS,ALL,1648,110.21495752427184,90.625,0.9047330097087378,97.15260922330097,0.610549595066938,1.0,109.71495752427184,219.42991504854368,1.0,2.0,1.0,109.21495752427184,109.21495752427184,1.0,1.0,108.21495752427184,54.10747876213592,1.0
NY_AM,next_open,45,Y2025,HIGH,346,94.66329479768787,76.25,0.9826589595375722,117.28468208092485,1.0431041620408166,1.0,94.16329479768787,188.32658959537574,1.0,2.0,1.0,93.66329479768787,93.66329479768787,1.0,1.0,92.66329479768787,46.331647398843934,1.0
NY_AM,next_open,45,Y2025,LOW,348,102.59985632183908,80.375,0.7931034482758621,60.946120689655174,0.2591322151458683,1.0,102.09985632183908,204.19971264367817,1.0,2.0,1.0,101.59985632183908,101.59985632183908,1.0,1.0,100.59985632183908,50.29992816091954,1.0
NY_AM,next_open,45,Y2025,ALL,1028,96.43385214007782,78.25,0.9017509727626459,85.39713035019456,0.5986184164664552,1.0,95.93385214007782,191.86770428015564,1.0,2.0,1.0,95.43385214007782,95.43385214007782,1.0,1.0,94.43385214007782,47.21692607003891,1.0
NY_AM,next_open,45,Y2026,HIGH,234,141.7767094017094,123.5,0.9957264957264957,164.2061965811966,1.0922831783383944,1.0,141.2767094017094,282.5534188034188,1.0,2.0,1.0,140.7767094017094,140.7767094017094,1.0,1.0,139.7767094017094,69.8883547008547,1.0
NY_AM,next_open,45,Y2026,LOW,213,122.4131455399061,104.0,0.784037558685446,68.67957746478874,0.2279506376769905,1.0,121.9131455399061,243.8262910798122,1.0,2.0,1.0,121.4131455399061,121.4131455399061,1.0,1.0,120.4131455399061,60.20657276995305,1.0
NY_AM,next_open,45,Y2026,ALL,620,133.0649193548387,114.875,0.9096774193548387,116.64395161290322,0.6303322589399966,1.0,132.5649193548387,265.1298387096774,1.0,2.0,1.0,132.0649193548387,132.0649193548387,1.0,1.0,131.0649193548387,65.53245967741935,1.0
NY_AM,delay1,15,IS,HIGH,3280,14.721341463414634,9.75,0.885670731707317,28.78330792682927,1.0168099049172403,1.0,14.221341463414634,28.442682926829267,1.0,2.0,1.0,13.721341463414634,13.721341463414634,1.0,0.9905487804878049,12.721341463414634,6.360670731707317,0.9850609756097561
NY_AM,delay1,15,IS,LOW,3183,16.98334904178448,10.75,0.4957587181903864,16.210885956644674,0.25080323143136984,1.0,16.48334904178448,32.96669808356896,0.998114985862394,2.0,0.9937166195413132,15.98334904178448,15.98334904178448,0.9899465912661012,0.976751492302859,14.98334904178448,7.49167452089224,0.9651272384542884
NY_AM,delay1,15,IS,ALL,9645,15.992897874546397,10.25,0.7079315707620529,21.95611715914982,0.5798987021047635,1.0,15.492897874546397,30.985795749092794,0.9993779160186625,2.0,0.997926386728875,14.992897874546397,14.992897874546397,0.9966822187662001,0.9863141524105754,13.992897874546397,6.996448937273199,0.9784344219803007
NY_AM,delay1,15,Validation,HIGH,922,46.79907809110629,40.0,0.8872017353579176,91.74267895878525,0.9896847190762189,1.0,46.29907809110629,92.59815618221258,1.0,2.0,1.0,45.79907809110629,45.79907809110629,1.0,1.0,44.79907809110629,22.399539045553144,1.0
NY_AM,delay1,15,Validation,LOW,1180,46.66271186440678,40.25,0.5033898305084745,42.86398305084746,0.24865976299049206,1.0,46.16271186440678,92.32542372881356,1.0,2.0,1.0,45.66271186440678,45.66271186440678,1.0,1.0,44.66271186440678,22.33135593220339,1.0
NY_AM,delay1,15,Validation,ALL,3096,46.52761627906977,40.0,0.6960594315245479,63.064760981912144,0.5391164560201511,1.0,46.02761627906977,92.05523255813954,1.0,2.0,1.0,45.52761627906977,45.52761627906977,1.0,1.0,44.52761627906977,22.263808139534884,1.0
NY_AM,delay1,15,OOS,HIGH,580,72.88836206896552,57.25,0.9,136.21508620689656,1.062945351374667,1.0,72.38836206896552,144.77672413793104,1.0,2.0,1.0,71.88836206896552,71.88836206896552,1.0,1.0,70.88836206896552,35.44418103448276,1.0
NY_AM,delay1,15,OOS,LOW,561,67.75490196078431,57.75,0.47058823529411764,63.88235294117647,0.24729322049190938,1.0,67.25490196078431,134.50980392156862,1.0,2.0,1.0,66.75490196078431,66.75490196078431,1.0,1.0,65.75490196078431,32.877450980392155,1.0
NY_AM,delay1,15,OOS,ALL,1648,68.46419902912622,56.25,0.6966019417475728,97.15260922330097,0.610549595066938,1.0,67.96419902912622,135.92839805825244,1.0,2.0,1.0,67.46419902912622,67.46419902912622,1.0,1.0,66.46419902912622,33.23209951456311,1.0
NY_AM,delay1,15,Y2025,HIGH,346,62.225433526011564,47.125,0.9046242774566474,117.28468208092485,1.0431041620408166,1.0,61.725433526011564,123.45086705202313,1.0,2.0,1.0,61.225433526011564,61.225433526011564,1.0,1.0,60.225433526011564,30.112716763005782,1.0
NY_AM,delay1,15,Y2025,LOW,348,61.935344827586206,50.75,0.4942528735632184,60.946120689655174,0.2591322151458683,1.0,61.435344827586206,122.87068965517241,1.0,2.0,1.0,60.935344827586206,60.935344827586206,1.0,1.0,59.935344827586206,29.967672413793103,1.0
NY_AM,delay1,15,Y2025,ALL,1028,59.85578793774319,47.5,0.6955252918287937,85.39713035019456,0.5986184164664552,1.0,59.35578793774319,118.71157587548637,1.0,2.0,1.0,58.85578793774319,58.85578793774319,1.0,1.0,57.85578793774319,28.927893968871594,1.0
NY_AM,delay1,15,Y2026,HIGH,234,88.65491452991454,73.0,0.8931623931623932,164.2061965811966,1.0922831783383944,1.0,88.15491452991454,176.30982905982907,1.0,2.0,1.0,87.65491452991454,87.65491452991454,1.0,1.0,86.65491452991454,43.32745726495727,1.0
NY_AM,delay1,15,Y2026,LOW,213,77.26291079812206,66.25,0.431924882629108,68.67957746478874,0.2279506376769905,1.0,76.76291079812206,153.52582159624413,1.0,2.0,1.0,76.26291079812206,76.26291079812206,1.0,1.0,75.26291079812206,37.63145539906103,1.0
NY_AM,delay1,15,Y2026,ALL,620,82.7375,70.625,0.6983870967741935,116.64395161290322,0.6303322589399966,1.0,82.2375,164.475,1.0,2.0,1.0,81.7375,81.7375,1.0,1.0,80.7375,40.36875,1.0
NY_AM,delay1,30,IS,HIGH,3280,20.087728658536584,13.0,0.9670731707317073,28.78330792682927,1.0168099049172403,1.0,19.587728658536584,39.17545731707317,1.0,2.0,1.0,19.087728658536584,19.087728658536584,1.0,0.9984756097560976,18.087728658536584,9.043864329268292,0.9972560975609757
NY_AM,delay1,30,IS,LOW,3183,23.40771284951304,15.0,0.7188187244737669,16.210885956644674,0.25080323143136984,1.0,22.90771284951304,45.81542569902608,0.9996858309770656,2.0,0.9987433239082626,22.40771284951304,22.40771284951304,0.9968583097706566,0.9921457744266415,21.40771284951304,10.70385642475652,0.9880615771284952
NY_AM,delay1,30,IS,ALL,9645,21.947641264904096,14.0,0.8643856920684292,21.95611715914982,0.5798987021047635,1.0,21.447641264904096,42.89528252980819,0.9998963193364437,2.0,0.999585277345775,20.947641264904096,20.947641264904096,0.9989631933644375,0.9964748574390876,19.947641264904096,9.973820632452048,0.9942975635044065
NY_AM,delay1,30,Validation,HIGH,922,64.40265726681127,54.125,0.9620390455531453,91.74267895878525,0.9896847190762189,1.0,63.90265726681128,127.80531453362256,1.0,2.0,1.0,63.40265726681128,63.40265726681128,1.0,1.0,62.40265726681128,31.20132863340564,1.0
NY_AM,delay1,30,Validation,LOW,1180,62.72584745762712,54.25,0.7127118644067797,42.86398305084746,0.24865976299049206,1.0,62.22584745762712,124.45169491525424,1.0,2.0,1.0,61.72584745762712,61.72584745762712,1.0,1.0,60.72584745762712,30.36292372881356,1.0
NY_AM,delay1,30,Validation,ALL,3096,63.50234173126615,54.5,0.851421188630491,63.064760981912144,0.5391164560201511,1.0,63.00234173126615,126.0046834625323,1.0,2.0,1.0,62.50234173126615,62.50234173126615,1.0,1.0,61.50234173126615,30.751170865633075,1.0
NY_AM,delay1,30,OOS,HIGH,580,97.35560344827586,78.0,0.9810344827586207,136.21508620689656,1.062945351374667,1.0,96.85560344827586,193.71120689655172,1.0,2.0,1.0,96.35560344827586,96.35560344827586,1.0,1.0,95.35560344827586,47.67780172413793,1.0
NY_AM,delay1,30,OOS,LOW,561,91.8836898395722,76.75,0.6898395721925134,63.88235294117647,0.24729322049190938,1.0,91.3836898395722,182.7673796791444,1.0,2.0,1.0,90.8836898395722,90.8836898395722,1.0,1.0,89.8836898395722,44.9418449197861,1.0
NY_AM,delay1,30,OOS,ALL,1648,93.04277912621359,76.5,0.8537621359223301,97.15260922330097,0.610549595066938,1.0,92.54277912621359,185.08555825242718,1.0,2.0,1.0,92.04277912621359,92.04277912621359,1.0,1.0,91.04277912621359,45.521389563106794,1.0
NY_AM,delay1,30,Y2025,HIGH,346,82.38728323699422,64.875,0.976878612716763,117.28468208092485,1.0431041620408166,1.0,81.88728323699422,163.77456647398844,1.0,2.0,1.0,81.38728323699422,81.38728323699422,1.0,1.0,80.38728323699422,40.19364161849711,1.0
NY_AM,delay1,30,Y2025,LOW,348,84.96192528735632,67.875,0.7097701149425287,60.946120689655174,0.2591322151458683,1.0,84.46192528735632,168.92385057471265,1.0,2.0,1.0,83.96192528735632,83.96192528735632,1.0,1.0,82.96192528735632,41.48096264367816,1.0
NY_AM,delay1,30,Y2025,ALL,1028,81.80447470817121,65.125,0.8550583657587548,85.39713035019456,0.5986184164664552,1.0,81.30447470817121,162.60894941634243,1.0,2.0,1.0,80.80447470817121,80.80447470817121,1.0,1.0,79.80447470817121,39.90223735408561,1.0
NY_AM,delay1,30,Y2026,HIGH,234,119.48824786324786,103.5,0.9871794871794872,164.2061965811966,1.0922831783383944,1.0,118.98824786324786,237.97649572649573,1.0,2.0,1.0,118.48824786324786,118.48824786324786,1.0,1.0,117.48824786324786,58.74412393162393,1.0
NY_AM,delay1,30,Y2026,LOW,213,103.1924882629108,88.0,0.6572769953051644,68.67957746478874,0.2279506376769905,1.0,102.6924882629108,205.3849765258216,1.0,2.0,1.0,102.1924882629108,102.1924882629108,1.0,1.0,101.1924882629108,50.5962441314554,1.0
NY_AM,delay1,30,Y2026,ALL,620,111.6766129032258,92.75,0.8516129032258064,116.64395161290322,0.6303322589399966,1.0,111.1766129032258,222.3532258064516,1.0,2.0,1.0,110.6766129032258,110.6766129032258,1.0,1.0,109.6766129032258,54.8383064516129,1.0
NY_AM,delay1,45,IS,HIGH,3280,24.149314024390243,15.75,0.9841463414634146,28.78330792682927,1.0168099049172403,1.0,23.649314024390243,47.298628048780486,1.0,2.0,1.0,23.149314024390243,23.149314024390243,1.0,0.999390243902439,22.149314024390243,11.074657012195122,0.9990853658536586
NY_AM,delay1,45,IS,LOW,3183,27.916116870876532,17.5,0.8180961357210179,16.210885956644674,0.25080323143136984,1.0,27.416116870876532,54.832233741753065,0.9996858309770656,2.0,0.9996858309770656,26.916116870876532,26.916116870876532,0.9984291548853284,0.9946591266101162,25.916116870876532,12.958058435438266,0.9930882814954446
NY_AM,delay1,45,IS,ALL,9645,26.157361327112493,16.5,0.9190254017625713,21.95611715914982,0.5798987021047635,1.0,25.657361327112493,51.31472265422499,0.9998963193364437,2.0,0.9998963193364437,25.157361327112493,25.157361327112493,0.9994815966822188,0.9977190254017626,24.157361327112493,12.078680663556247,0.9968895800933126
NY_AM,delay1,45,Validation,HIGH,922,76.33215835140997,65.625,0.982646420824295,91.74267895878525,0.9896847190762189,1.0,75.83215835140997,151.66431670281995,1.0,2.0,1.0,75.33215835140997,75.33215835140997,1.0,1.0,74.33215835140997,37.166079175704986,1.0
NY_AM,delay1,45,Validation,LOW,1180,74.3125,64.75,0.8186440677966101,42.86398305084746,0.24865976299049206,1.0,73.8125,147.625,1.0,2.0,1.0,73.3125,73.3125,1.0,1.0,72.3125,36.15625,1.0
NY_AM,delay1,45,Validation,ALL,3096,75.25613695090439,64.75,0.91343669250646,63.064760981912144,0.5391164560201511,1.0,74.75613695090439,149.51227390180878,1.0,2.0,1.0,74.25613695090439,74.25613695090439,1.0,1.0,73.25613695090439,36.628068475452196,1.0
NY_AM,delay1,45,OOS,HIGH,580,112.55258620689655,90.625,0.9862068965517241,136.21508620689656,1.062945351374667,1.0,112.05258620689655,224.1051724137931,1.0,2.0,1.0,111.55258620689655,111.55258620689655,1.0,1.0,110.55258620689655,55.276293103448275,1.0
NY_AM,delay1,45,OOS,LOW,561,108.89795008912655,90.0,0.7771836007130125,63.88235294117647,0.24729322049190938,1.0,108.39795008912655,216.7959001782531,1.0,2.0,1.0,107.89795008912655,107.89795008912655,1.0,1.0,106.89795008912655,53.44897504456328,1.0
NY_AM,delay1,45,OOS,ALL,1648,109.1539745145631,90.25,0.9004854368932039,97.15260922330097,0.610549595066938,1.0,108.6539745145631,217.3079490291262,1.0,2.0,1.0,108.1539745145631,108.1539745145631,1.0,1.0,107.1539745145631,53.57698725728155,1.0
NY_AM,delay1,45,Y2025,HIGH,346,93.59754335260115,76.0,0.9797687861271677,117.28468208092485,1.0431041620408166,1.0,93.09754335260115,186.1950867052023,1.0,2.0,1.0,92.59754335260115,92.59754335260115,1.0,1.0,91.59754335260115,45.798771676300575,1.0
NY_AM,delay1,45,Y2025,LOW,348,101.63362068965517,81.25,0.7931034482758621,60.946120689655174,0.2591322151458683,1.0,101.13362068965517,202.26724137931035,1.0,2.0,1.0,100.63362068965517,100.63362068965517,1.0,1.0,99.63362068965517,49.81681034482759,1.0
NY_AM,delay1,45,Y2025,ALL,1028,95.78015564202335,77.625,0.8978599221789884,85.39713035019456,0.5986184164664552,1.0,95.28015564202335,190.5603112840467,1.0,2.0,1.0,94.78015564202335,94.78015564202335,1.0,1.0,93.78015564202335,46.89007782101167,1.0
NY_AM,delay1,45,Y2026,HIGH,234,140.5801282051282,123.0,0.9957264957264957,164.2061965811966,1.0922831783383944,1.0,140.0801282051282,280.1602564102564,1.0,2.0,1.0,139.5801282051282,139.5801282051282,1.0,1.0,138.5801282051282,69.2900641025641,1.0
NY_AM,delay1,45,Y2026,LOW,213,120.76643192488262,100.25,0.7511737089201878,68.67957746478874,0.2279506376769905,1.0,120.26643192488262,240.53286384976525,1.0,2.0,1.0,119.76643192488262,119.76643192488262,1.0,1.0,118.76643192488262,59.38321596244131,1.0
NY_AM,delay1,45,Y2026,ALL,620,131.32862903225808,115.75,0.9048387096774193,116.64395161290322,0.6303322589399966,1.0,130.82862903225808,261.65725806451616,1.0,2.0,1.0,130.32862903225808,130.32862903225808,1.0,1.0,129.32862903225808,64.66431451612904,1.0
ASIA,next_open,15,IS,HIGH,4196,7.498153002859866,4.0,0.17612011439466158,16.021866062917063,0.36319535284830706,0.9971401334604385,6.998153002859866,13.996306005719733,0.9818875119161106,2.0,0.9485224022878932,6.498153002859866,6.498153002859866,0.907769304099142,0.773117254528122,5.498153002859866,2.749076501429933,0.7342707340324118
ASIA,next_open,15,IS,LOW,4074,4.904209621993127,3.0,0.028964162984781543,4.730976926853216,0.06237151116408794,0.9965635738831615,4.404209621993127,8.808419243986254,0.9693176239567992,2.0,0.9108983799705449,3.904209621993127,3.904209621993127,0.8424153166421208,0.6632302405498282,2.904209621993127,1.4521048109965635,0.6129111438389789
ASIA,next_open,15,IS,ALL,12337,6.223230931344736,3.5,0.08705519980546324,9.772999918943016,0.18617247828744116,0.99732511955905,5.723230931344736,11.446461862689471,0.9756018480992138,2.0,0.9300478236200048,5.223230931344736,5.223230931344736,0.8744427332414687,0.7184890978357785,4.223230931344736,2.111615465672368,0.6744751560346924
ASIA,next_open,15,Validation,HIGH,1122,16.353163992869874,12.25,0.18092691622103388,43.376782531194294,0.4360918427650864,1.0,15.853163992869876,31.70632798573975,1.0,2.0,1.0,15.353163992869876,15.353163992869876,1.0,1.0,14.353163992869876,7.176581996434938,1.0
ASIA,next_open,15,Validation,LOW,2138,10.728718428437793,8.25,0.007951356407857811,11.721117867165574,0.06340610903769567,1.0,10.228718428437793,20.457436856875585,1.0,2.0,1.0,9.728718428437793,9.728718428437793,1.0,0.9962581852198317,8.728718428437793,4.364359214218896,0.9943872778297475
ASIA,next_open,15,Validation,ALL,4644,12.577250215331611,9.5,0.053402239448751075,21.86644056847545,0.17448681857484513,1.0,12.077250215331611,24.154500430663223,1.0,2.0,1.0,11.577250215331611,11.577250215331611,1.0,0.998062015503876,10.577250215331611,5.288625107665806,0.9959086993970715
ASIA,next_open,15,OOS,HIGH,1252,30.258985623003195,23.5,0.24281150159744408,64.22024760383387,0.42483027708665,1.0,29.758985623003195,59.51797124600639,1.0,2.0,1.0,29.258985623003195,29.258985623003195,1.0,1.0,28.258985623003195,14.129492811501597,1.0
ASIA,next_open,15,OOS,LOW,413,22.258474576271187,16.75,0.012106537530266344,23.463075060532688,0.07355942186028881,1.0,21.758474576271187,43.516949152542374,1.0,2.0,1.0,21.258474576271187,21.258474576271187,1.0,1.0,20.258474576271187,10.129237288135593,1.0
ASIA,next_open,15,OOS,ALL,2471,26.016086604613516,19.5,0.13557264265479563,46.31717927964387,0.2692782615025561,1.0,25.516086604613516,51.03217320922703,1.0,2.0,1.0,25.016086604613516,25.016086604613516,1.0,1.0,24.016086604613516,12.008043302306758,1.0
ASIA,next_open,15,Y2025,HIGH,697,24.15351506456241,18.0,0.21233859397417504,56.94512195121951,0.42195119683200516,1.0,23.65351506456241,47.30703012912482,1.0,2.0,1.0,23.15351506456241,23.15351506456241,1.0,1.0,22.15351506456241,11.076757532281205,1.0
ASIA,next_open,15,Y2025,LOW,282,19.81117021276596,15.875,0.010638297872340425,21.01241134751773,0.07165959605827052,1.0,19.31117021276596,38.62234042553192,1.0,2.0,1.0,18.81117021276596,18.81117021276596,1.0,1.0,17.81117021276596,8.90558510638298,1.0
ASIA,next_open,15,Y2025,ALL,1541,21.171317326411422,15.75,0.10772225827384815,39.5259571706684,0.25084129542406963,1.0,20.671317326411422,41.342634652822845,1.0,2.0,1.0,20.171317326411422,20.171317326411422,1.0,1.0,19.171317326411422,9.585658663205711,1.0
ASIA,next_open,15,Y2026,HIGH,555,37.92657657657658,30.75,0.2810810810810811,73.35675675675675,0.42844598688392466,1.0,37.42657657657658,74.85315315315316,1.0,2.0,1.0,36.92657657657658,36.92657657657658,1.0,1.0,35.92657657657658,17.96328828828829,1.0
ASIA,next_open,15,Y2026,LOW,131,27.52671755725191,20.0,0.015267175572519083,28.73854961832061,0.07764912320509157,1.0,27.02671755725191,54.05343511450382,1.0,2.0,1.0,26.52671755725191,26.52671755725191,1.0,1.0,25.52671755725191,12.763358778625955,1.0
ASIA,next_open,15,Y2026,ALL,930,34.04381720430108,27.5,0.1817204301075269,57.57016129032258,0.2998281160476611,1.0,33.54381720430108,67.08763440860216,1.0,2.0,1.0,33.04381720430108,33.04381720430108,1.0,1.0,32.04381720430108,16.02190860215054,1.0
ASIA,next_open,30,IS,HIGH,4196,10.439585319351764,5.75,0.3107721639656816,16.021866062917063,0.36319535284830706,0.9995233555767398,9.939585319351764,19.879170638703528,0.9969018112488084,2.0,0.9849857006673022,9.439585319351764,9.439585319351764,0.9640133460438512,0.8767874165872259,8.439585319351764,4.219792659675882,0.8467588179218303
ASIA,next_open,30,IS,LOW,4074,7.163352970054001,4.5,0.06406480117820323,4.730976926853216,0.06237151116408794,0.9997545409916544,6.663352970054001,13.326705940108003,0.9963181148748159,2.0,0.9803632793323515,6.163352970054001,6.163352970054001,0.9521354933726067,0.8284241531664213,5.163352970054001,2.5816764850270006,0.7889052528227786
ASIA,next_open,30,IS,ALL,12337,8.8070641160736,5.0,0.16754478398314016,9.772999918943016,0.18617247828744116,0.9997568290508227,8.3070641160736,16.6141282321472,0.9968387776606955,2.0,0.9831401475237092,7.8070641160736,7.8070641160736,0.9578503688092729,0.8509362081543325,6.8070641160736,3.4035320580368,0.8158385344897463
ASIA,next_open,30,Validation,HIGH,1122,23.008467023172905,16.75,0.26737967914438504,43.376782531194294,0.4360918427650864,1.0,22.508467023172905,45.01693404634581,1.0,2.0,1.0,22.008467023172905,22.008467023172905,1.0,1.0,21.008467023172905,10.504233511586452,1.0
ASIA,next_open,30,Validation,LOW,2138,15.462231057062676,12.0,0.021515434985968196,11.721117867165574,0.06340610903769567,1.0,14.962231057062676,29.92446211412535,1.0,2.0,1.0,14.462231057062676,14.462231057062676,1.0,1.0,13.462231057062676,6.731115528531338,1.0
ASIA,next_open,30,Validation,ALL,4644,17.837263135228252,13.25,0.09194659776055125,21.86644056847545,0.17448681857484513,1.0,17.337263135228252,34.674526270456504,1.0,2.0,1.0,16.837263135228252,16.837263135228252,1.0,1.0,15.837263135228252,7.918631567614126,1.0
ASIA,next_open,30,OOS,HIGH,1252,42.368011182108624,31.5,0.38977635782747605,64.22024760383387,0.42483027708665,1.0,41.868011182108624,83.73602236421725,1.0,2.0,1.0,41.368011182108624,41.368011182108624,1.0,1.0,40.368011182108624,20.184005591054312,1.0
ASIA,next_open,30,OOS,LOW,413,30.808111380145277,23.5,0.03389830508474576,23.463075060532688,0.07355942186028881,1.0,30.308111380145277,60.616222760290555,1.0,2.0,1.0,29.808111380145277,29.808111380145277,1.0,1.0,28.808111380145277,14.404055690072639,1.0
ASIA,next_open,30,OOS,ALL,2471,36.53004856333468,27.0,0.23229461756373937,46.31717927964387,0.2692782615025561,1.0,36.03004856333468,72.06009712666936,1.0,2.0,1.0,35.53004856333468,35.53004856333468,1.0,1.0,34.53004856333468,17.26502428166734,1.0
ASIA,next_open,30,Y2025,HIGH,697,33.638091822094694,24.75,0.3314203730272597,56.94512195121951,0.42195119683200516,1.0,33.138091822094694,66.27618364418939,1.0,2.0,1.0,32.638091822094694,32.638091822094694,1.0,1.0,31.63809182209469,15.819045911047345,1.0
ASIA,next_open,30,Y2025,LOW,282,27.765070921985817,22.375,0.03900709219858156,21.01241134751773,0.07165959605827052,1.0,27.265070921985817,54.530141843971634,1.0,2.0,1.0,26.765070921985817,26.765070921985817,1.0,1.0,25.765070921985817,12.882535460992909,1.0
ASIA,next_open,30,Y2025,ALL,1541,29.907040882543804,22.25,0.18689162881245944,39.5259571706684,0.25084129542406963,1.0,29.407040882543804,58.81408176508761,1.0,2.0,1.0,28.907040882543804,28.907040882543804,1.0,1.0,27.907040882543804,13.953520441271902,1.0
ASIA,next_open,30,Y2026,HIGH,555,53.33153153153153,41.25,0.46306306306306305,73.35675675675675,0.42844598688392466,1.0,52.83153153153153,105.66306306306306,1.0,2.0,1.0,52.33153153153153,52.33153153153153,1.0,1.0,51.33153153153153,25.665765765765766,1.0
ASIA,next_open,30,Y2026,LOW,131,37.3587786259542,29.5,0.022900763358778626,28.73854961832061,0.07764912320509157,1.0,36.8587786259542,73.7175572519084,1.0,2.0,1.0,36.3587786259542,36.3587786259542,1.0,1.0,35.3587786259542,17.6793893129771,1.0
ASIA,next_open,30,Y2026,ALL,930,47.50430107526882,36.25,0.30752688172043013,57.57016129032258,0.2998281160476611,1.0,47.00430107526882,94.00860215053764,1.0,2.0,1.0,46.50430107526882,46.50430107526882,1.0,1.0,45.50430107526882,22.75215053763441,1.0
ASIA,next_open,45,IS,HIGH,4196,13.029730695900858,7.25,0.4361296472831268,16.021866062917063,0.36319535284830706,0.9995233555767398,12.529730695900858,25.059461391801715,0.9988083889418494,2.0,0.994280266920877,12.029730695900858,12.029730695900858,0.9852240228789323,0.930648236415634,11.029730695900858,5.514865347950429,0.9070543374642517
ASIA,next_open,45,IS,LOW,4074,9.08357879234168,5.75,0.11119293078055964,4.730976926853216,0.06237151116408794,1.0,8.58357879234168,17.16715758468336,0.9997545409916544,2.0,0.9945999018163967,8.08357879234168,8.08357879234168,0.9818360333824251,0.9074619538537064,7.083578792341679,3.5417893961708393,0.872852233676976
ASIA,next_open,45,IS,ALL,12337,11.057590986463484,6.25,0.25832860500932153,9.772999918943016,0.18617247828744116,0.9998378860338818,10.557590986463484,21.11518197292697,0.9994326011185863,2.0,0.9947312961011591,10.057590986463484,10.057590986463484,0.9831401475237092,0.9159439085677231,9.057590986463484,4.528795493231742,0.8883034773445733
ASIA,next_open,45,Validation,HIGH,1122,28.01782531194296,20.5,0.3538324420677362,43.376782531194294,0.4360918427650864,1.0,27.51782531194296,55.03565062388592,1.0,2.0,1.0,27.01782531194296,27.01782531194296,1.0,1.0,26.01782531194296,13.00891265597148,1.0
ASIA,next_open,45,Validation,LOW,2138,19.645229186155284,15.25,0.04817586529466791,11.721117867165574,0.06340610903769567,1.0,19.145229186155284,38.29045837231057,1.0,2.0,1.0,18.645229186155284,18.645229186155284,1.0,1.0,17.645229186155284,8.822614593077642,1.0
ASIA,next_open,45,Validation,ALL,4644,22.17824074074074,16.5,0.1397502153316107,21.86644056847545,0.17448681857484513,1.0,21.67824074074074,43.35648148148148,1.0,2.0,1.0,21.17824074074074,21.17824074074074,1.0,1.0,20.17824074074074,10.08912037037037,1.0
ASIA,next_open,45,OOS,HIGH,1252,51.70467252396166,38.25,0.5215654952076677,64.22024760383387,0.42483027708665,1.0,51.20467252396166,102.40934504792332,1.0,2.0,1.0,50.70467252396166,50.70467252396166,1.0,1.0,49.70467252396166,24.85233626198083,1.0
ASIA,next_open,45,OOS,LOW,413,39.101089588377725,29.5,0.07263922518159806,23.463075060532688,0.07355942186028881,1.0,38.601089588377725,77.20217917675545,1.0,2.0,1.0,38.101089588377725,38.101089588377725,1.0,1.0,37.101089588377725,18.550544794188863,1.0
ASIA,next_open,45,OOS,ALL,2471,45.19566976932416,33.5,0.3294212869283691,46.31717927964387,0.2692782615025561,1.0,44.69566976932416,89.39133953864832,1.0,2.0,1.0,44.19566976932416,44.19566976932416,1.0,1.0,43.19566976932416,21.59783488466208,1.0
ASIA,next_open,45,Y2025,HIGH,697,40.06384505021521,29.5,0.4519368723098996,56.94512195121951,0.42195119683200516,1.0,39.56384505021521,79.12769010043041,1.0,2.0,1.0,39.06384505021521,39.06384505021521,1.0,1.0,38.06384505021521,19.031922525107603,1.0
ASIA,next_open,45,Y2025,LOW,282,35.173758865248224,26.75,0.0673758865248227,21.01241134751773,0.07165959605827052,1.0,34.673758865248224,69.34751773049645,1.0,2.0,1.0,34.173758865248224,34.173758865248224,1.0,1.0,33.173758865248224,16.586879432624112,1.0
ASIA,next_open,45,Y2025,ALL,1541,36.62362102530824,27.25,0.2719013627514601,39.5259571706684,0.25084129542406963,1.0,36.12362102530824,72.24724205061648,1.0,2.0,1.0,35.62362102530824,35.62362102530824,1.0,1.0,34.62362102530824,17.31181051265412,1.0
ASIA,next_open,45,Y2026,HIGH,555,66.32387387387388,51.5,0.609009009009009,73.35675675675675,0.42844598688392466,1.0,65.82387387387388,131.64774774774776,1.0,2.0,1.0,65.32387387387388,65.32387387387388,1.0,1.0,64.32387387387388,32.16193693693694,1.0
ASIA,next_open,45,Y2026,LOW,131,47.55534351145038,40.0,0.08396946564885496,28.73854961832061,0.07764912320509157,1.0,47.05534351145038,94.11068702290076,1.0,2.0,1.0,46.55534351145038,46.55534351145038,1.0,1.0,45.55534351145038,22.77767175572519,1.0
ASIA,next_open,45,Y2026,ALL,930,59.3994623655914,45.25,0.42473118279569894,57.57016129032258,0.2998281160476611,1.0,58.8994623655914,117.7989247311828,1.0,2.0,1.0,58.3994623655914,58.3994623655914,1.0,1.0,57.3994623655914,28.6997311827957,1.0
ASIA,delay1,15,IS,HIGH,4195,7.427651966626937,4.0,0.16877234803337307,16.025208581644815,0.3632303895912467,0.9964243146603099,6.927651966626937,13.855303933253873,0.9799761620977354,2.0,0.9492252681764005,6.427651966626937,6.427651966626937,0.9048867699642431,0.7756853396901072,5.427651966626937,2.7138259833134684,0.7296781883194279
ASIA,delay1,15,IS,LOW,4068,4.9093534906588,3.0,0.028761061946902654,4.735680924287119,0.062366152366649816,0.9975417895771878,4.4093534906588,8.8187069813176,0.9658308751229105,2.0,0.904621435594887,3.9093534906588006,3.9093534906588006,0.8404621435594887,0.6664208456243854,2.9093534906588006,1.4546767453294003,0.6184857423795477
ASIA,delay1,15,IS,ALL,12329,6.210925460296861,3.5,0.08329953767539947,9.778307243085408,0.1862388039435792,0.9973233838916375,5.710925460296861,11.421850920593721,0.9742071538648714,2.0,0.9295968853921648,5.210925460296861,5.210925460296861,0.8726579609051829,0.7209019385189391,4.210925460296861,2.1054627301484303,0.6748316976234894
ASIA,delay1,15,Validation,HIGH,1122,16.19095365418895,12.5,0.1711229946524064,43.376782531194294,0.4360918427650864,1.0,15.690953654188949,31.381907308377897,1.0,2.0,1.0,15.190953654188949,15.190953654188949,1.0,0.9991087344028521,14.190953654188949,7.095476827094474,0.9982174688057041
ASIA,delay1,15,Validation,LOW,2138,10.686038353601496,8.25,0.00841908325537886,11.721117867165574,0.06340610903769567,1.0,10.186038353601496,20.372076707202993,1.0,2.0,1.0,9.686038353601496,9.686038353601496,0.999532273152479,0.9967259120673526,8.686038353601496,4.343019176800748,0.9897100093545369
ASIA,delay1,15,Validation,ALL,4644,12.448535745047373,9.25,0.05232558139534884,21.86644056847545,0.17448681857484513,1.0,11.948535745047373,23.897071490094746,1.0,2.0,1.0,11.448535745047373,11.448535745047373,0.9997846683893196,0.9978466838931955,10.448535745047373,5.224267872523686,0.993755383290267
ASIA,delay1,15,OOS,HIGH,1252,29.994808306709267,22.75,0.24201277955271566,64.22024760383387,0.42483027708665,1.0,29.494808306709267,58.989616613418534,1.0,2.0,1.0,28.994808306709267,28.994808306709267,1.0,1.0,27.994808306709267,13.997404153354633,1.0
ASIA,delay1,15,OOS,LOW,413,22.068401937046005,16.75,0.014527845036319613,23.463075060532688,0.07355942186028881,1.0,21.568401937046005,43.13680387409201,1.0,2.0,1.0,21.068401937046005,21.068401937046005,1.0,1.0,20.068401937046005,10.034200968523002,1.0
ASIA,delay1,15,OOS,ALL,2471,25.888911371914205,19.25,0.1347632537434237,46.31717927964387,0.2692782615025561,1.0,25.388911371914205,50.77782274382841,1.0,2.0,1.0,24.888911371914205,24.888911371914205,1.0,1.0,23.888911371914205,11.944455685957102,1.0
ASIA,delay1,15,Y2025,HIGH,697,23.85509325681492,18.25,0.20373027259684362,56.94512195121951,0.42195119683200516,1.0,23.35509325681492,46.71018651362984,1.0,2.0,1.0,22.85509325681492,22.85509325681492,1.0,1.0,21.85509325681492,10.92754662840746,1.0
ASIA,delay1,15,Y2025,LOW,282,19.453014184397162,15.0,0.014184397163120567,21.01241134751773,0.07165959605827052,1.0,18.953014184397162,37.906028368794324,1.0,2.0,1.0,18.453014184397162,18.453014184397162,1.0,1.0,17.453014184397162,8.726507092198581,1.0
ASIA,delay1,15,Y2025,ALL,1541,20.97485399091499,16.0,0.10188189487345879,39.5259571706684,0.25084129542406963,1.0,20.47485399091499,40.94970798182998,1.0,2.0,1.0,19.97485399091499,19.97485399091499,1.0,1.0,18.97485399091499,9.487426995457495,1.0
ASIA,delay1,15,Y2026,HIGH,555,37.70540540540541,30.25,0.29009009009009007,73.35675675675675,0.42844598688392466,1.0,37.20540540540541,74.41081081081082,1.0,2.0,1.0,36.70540540540541,36.70540540540541,1.0,1.0,35.70540540540541,17.852702702702704,1.0
ASIA,delay1,15,Y2026,LOW,131,27.698473282442748,19.5,0.015267175572519083,28.73854961832061,0.07764912320509157,1.0,27.198473282442748,54.396946564885496,1.0,2.0,1.0,26.698473282442748,26.698473282442748,1.0,1.0,25.698473282442748,12.849236641221374,1.0
ASIA,delay1,15,Y2026,ALL,930,34.031451612903226,26.5,0.18924731182795698,57.57016129032258,0.2998281160476611,1.0,33.531451612903226,67.06290322580645,1.0,2.0,1.0,33.031451612903226,33.031451612903226,1.0,1.0,32.031451612903226,16.015725806451613,1.0
ASIA,delay1,30,IS,HIGH,4195,10.472467222884386,6.0,0.31203814064362334,16.025208581644815,0.3632303895912467,0.999523241954708,9.972467222884386,19.944934445768773,0.9971394517282479,2.0,0.9866507747318236,9.472467222884386,9.472467222884386,0.965911799761621,0.8820023837902264,8.472467222884386,4.236233611442193,0.8483909415971395
ASIA,delay1,30,IS,LOW,4068,7.174471484759096,4.5,0.06415929203539823,4.735680924287119,0.062366152366649816,1.0,6.674471484759096,13.348942969518191,0.9972959685349065,2.0,0.9803343166175025,6.174471484759096,6.174471484759096,0.9530481809242871,0.8291543756145526,5.174471484759096,2.587235742379548,0.7917895771878073
ASIA,delay1,30,IS,ALL,12329,8.839788303998702,5.0,0.16797793819450077,9.778307243085408,0.1862388039435792,0.9998377808419174,8.339788303998702,16.679576607997404,0.9972422743125963,2.0,0.9833725362965366,7.839788303998702,7.839788303998702,0.958715224267986,0.8532727715143158,6.839788303998702,3.419894151999351,0.8179089950523156
ASIA,delay1,30,Validation,HIGH,1122,22.920454545454547,17.0,0.26559714795008915,43.376782531194294,0.4360918427650864,1.0,22.420454545454547,44.84090909090909,1.0,2.0,1.0,21.920454545454547,21.920454545454547,1.0,1.0,20.920454545454547,10.460227272727273,1.0
ASIA,delay1,30,Validation,LOW,2138,15.510289990645463,12.0,0.02245088868101029,11.721117867165574,0.06340610903769567,1.0,15.010289990645463,30.020579981290926,1.0,2.0,1.0,14.510289990645463,14.510289990645463,1.0,1.0,13.510289990645463,6.755144995322731,0.999532273152479
ASIA,delay1,30,Validation,ALL,4644,17.790590008613265,13.25,0.09151593453919035,21.86644056847545,0.17448681857484513,1.0,17.290590008613265,34.58118001722653,1.0,2.0,1.0,16.790590008613265,16.790590008613265,1.0,1.0,15.790590008613265,7.895295004306632,0.9997846683893196
ASIA,delay1,30,OOS,HIGH,1252,42.248801916932905,31.25,0.3961661341853035,64.22024760383387,0.42483027708665,1.0,41.748801916932905,83.49760383386581,1.0,2.0,1.0,41.248801916932905,41.248801916932905,1.0,1.0,40.248801916932905,20.124400958466452,1.0
ASIA,delay1,30,OOS,LOW,413,30.856537530266344,23.5,0.03389830508474576,23.463075060532688,0.07355942186028881,1.0,30.356537530266344,60.71307506053269,1.0,2.0,1.0,29.856537530266344,29.856537530266344,1.0,1.0,28.856537530266344,14.428268765133172,1.0
ASIA,delay1,30,OOS,ALL,2471,36.55969243221368,26.75,0.23593686766491298,46.31717927964387,0.2692782615025561,1.0,36.05969243221368,72.11938486442736,1.0,2.0,1.0,35.55969243221368,35.55969243221368,1.0,1.0,34.55969243221368,17.27984621610684,1.0
ASIA,delay1,30,Y2025,HIGH,697,33.16319942611191,24.0,0.3357245337159254,56.94512195121951,0.42195119683200516,1.0,32.66319942611191,65.32639885222382,1.0,2.0,1.0,32.16319942611191,32.16319942611191,1.0,1.0,31.16319942611191,15.581599713055954,1.0
ASIA,delay1,30,Y2025,LOW,282,27.94237588652482,21.5,0.03900709219858156,21.01241134751773,0.07165959605827052,1.0,27.44237588652482,54.88475177304964,1.0,2.0,1.0,26.94237588652482,26.94237588652482,1.0,1.0,25.94237588652482,12.97118794326241,1.0
ASIA,delay1,30,Y2025,ALL,1541,29.71073977936405,21.75,0.18754055807916936,39.5259571706684,0.25084129542406963,1.0,29.21073977936405,58.4214795587281,1.0,2.0,1.0,28.71073977936405,28.71073977936405,1.0,1.0,27.71073977936405,13.855369889682025,1.0
ASIA,delay1,30,Y2026,HIGH,555,53.65900900900901,41.25,0.4720720720720721,73.35675675675675,0.42844598688392466,1.0,53.15900900900901,106.31801801801802,1.0,2.0,1.0,52.65900900900901,52.65900900900901,1.0,1.0,51.65900900900901,25.829504504504506,1.0
ASIA,delay1,30,Y2026,LOW,131,37.12977099236641,28.5,0.022900763358778626,28.73854961832061,0.07764912320509157,1.0,36.62977099236641,73.25954198473282,1.0,2.0,1.0,36.12977099236641,36.12977099236641,1.0,1.0,35.12977099236641,17.564885496183205,1.0
ASIA,delay1,30,Y2026,ALL,930,47.90833333333333,36.125,0.3161290322580645,57.57016129032258,0.2998281160476611,1.0,47.40833333333333,94.81666666666666,1.0,2.0,1.0,46.90833333333333,46.90833333333333,1.0,1.0,45.90833333333333,22.954166666666666,1.0
ASIA,delay1,45,IS,HIGH,4195,12.987544696066745,7.5,0.43146603098927294,16.025208581644815,0.3632303895912467,0.999523241954708,12.487544696066745,24.97508939213349,0.999046483909416,2.0,0.9949940405244339,11.987544696066745,11.987544696066745,0.9847437425506556,0.93134684147795,10.987544696066745,5.493772348033373,0.9060786650774731
ASIA,delay1,45,IS,LOW,4068,9.086160275319568,5.75,0.10988200589970501,4.735680924287119,0.062366152366649816,1.0,8.586160275319568,17.172320550639135,0.9995083579154376,2.0,0.994346116027532,8.086160275319568,8.086160275319568,0.9827925270403146,0.9112586037364798,7.086160275319568,3.543080137659784,0.8765978367748279
ASIA,delay1,45,IS,ALL,12329,11.046982723659664,6.25,0.25484629734771674,9.778307243085408,0.1862388039435792,0.9998377808419174,10.546982723659664,21.093965447319327,0.9992700137886285,2.0,0.9946467677832752,10.046982723659664,10.046982723659664,0.9836158650336605,0.917106010219807,9.046982723659664,4.523491361829832,0.8887987671343985
ASIA,delay1,45,Validation,HIGH,1122,27.91711229946524,20.625,0.3484848484848485,43.376782531194294,0.4360918427650864,1.0,27.41711229946524,54.83422459893048,1.0,2.0,1.0,26.91711229946524,26.91711229946524,1.0,1.0,25.91711229946524,12.95855614973262,1.0
ASIA,delay1,45,Validation,LOW,2138,19.70112254443405,15.25,0.04957904583723106,11.721117867165574,0.06340610903769567,1.0,19.20112254443405,38.4022450888681,1.0,2.0,1.0,18.70112254443405,18.70112254443405,1.0,1.0,17.70112254443405,8.850561272217025,1.0
ASIA,delay1,45,Validation,ALL,4644,22.171565460809646,16.625,0.14104220499569337,21.86644056847545,0.17448681857484513,1.0,21.671565460809646,43.34313092161929,1.0,2.0,1.0,21.171565460809646,21.171565460809646,1.0,1.0,20.171565460809646,10.085782730404823,1.0
ASIA,delay1,45,OOS,HIGH,1252,51.582068690095845,38.75,0.5287539936102237,64.22024760383387,0.42483027708665,1.0,51.082068690095845,102.16413738019169,1.0,2.0,1.0,50.582068690095845,50.582068690095845,1.0,1.0,49.582068690095845,24.791034345047922,1.0
ASIA,delay1,45,OOS,LOW,413,39.12167070217917,29.0,0.07021791767554479,23.463075060532688,0.07355942186028881,1.0,38.62167070217917,77.24334140435835,1.0,2.0,1.0,38.12167070217917,38.12167070217917,1.0,1.0,37.12167070217917,18.560835351089587,1.0
ASIA,delay1,45,OOS,ALL,2471,45.201031970862,33.0,0.33791987049777417,46.31717927964387,0.2692782615025561,1.0,44.701031970862,89.402063941724,1.0,2.0,1.0,44.201031970862,44.201031970862,1.0,1.0,43.201031970862,21.600515985431,1.0
ASIA,delay1,45,Y2025,HIGH,697,39.90423242467719,29.25,0.4619799139167862,56.94512195121951,0.42195119683200516,1.0,39.40423242467719,78.80846484935438,1.0,2.0,1.0,38.90423242467719,38.90423242467719,1.0,1.0,37.90423242467719,18.952116212338595,1.0
ASIA,delay1,45,Y2025,LOW,282,35.22872340425532,27.25,0.07092198581560284,21.01241134751773,0.07165959605827052,1.0,34.72872340425532,69.45744680851064,1.0,2.0,1.0,34.22872340425532,34.22872340425532,1.0,1.0,33.22872340425532,16.61436170212766,1.0
ASIA,delay1,45,Y2025,ALL,1541,36.567326411421156,27.25,0.2809863724853991,39.5259571706684,0.25084129542406963,1.0,36.067326411421156,72.13465282284231,1.0,2.0,1.0,35.567326411421156,35.567326411421156,1.0,1.0,34.567326411421156,17.283663205710578,1.0
ASIA,delay1,45,Y2026,HIGH,555,66.24774774774775,51.75,0.6126126126126126,73.35675675675675,0.42844598688392466,1.0,65.74774774774775,131.4954954954955,1.0,2.0,1.0,65.24774774774775,65.24774774774775,1.0,1.0,64.24774774774775,32.123873873873876,1.0
ASIA,delay1,45,Y2026,LOW,131,47.50190839694657,40.0,0.06870229007633588,28.73854961832061,0.07764912320509157,1.0,47.00190839694657,94.00381679389314,1.0,2.0,1.0,46.50190839694657,46.50190839694657,1.0,1.0,45.50190839694657,22.750954198473284,1.0
ASIA,delay1,45,Y2026,ALL,930,59.50698924731183,45.75,0.432258064516129,57.57016129032258,0.2998281160476611,1.0,59.00698924731183,118.01397849462366,1.0,2.0,1.0,58.50698924731183,58.50698924731183,1.0,1.0,57.50698924731183,28.753494623655914,1.0
