split,horizon,book,policy,risk_n_days,risk_mean,risk_std,risk_sharpe,risk_sortino,risk_max_dd,risk_total,n_trades,n_high,mean_size,d_sharpe_vs_fixed,d_sharpe_lo,d_sharpe_hi,d_sortino_vs_fixed,d_sortino_lo,d_sortino_hi
IS,30,coinflip,fixed,2551,-3.8442767542140337,32.1832632269864,-1.8962030402240182,-2.248961253670114,-10141.25,-9806.75,9508,3228,1.0,0.0,0.0,0.0,0.0,0.0,0.0
IS,30,coinflip,invvol,2551,-4.679646296001292,14.371180056139197,-5.1691706350898645,-7.181587345555623,-12053.241940078839,-11937.777701099296,9508,3228,1.206229018508401,-3.2729675948658463,-3.5993937531446782,-2.9195294318485256,-4.932626091885509,-5.4155954758749605,-4.410693505248466
IS,30,coinflip,invvol_high_aware,2551,-4.259659404671905,13.202374772610378,-5.121805576060464,-7.069219155513138,-10969.382724717128,-10866.39114131803,9508,3228,1.1011183413055081,-3.225602535836446,-3.5724307187090907,-2.8542465417433753,-4.820257901843024,-5.333039263279143,-4.284283755598595
IS,30,long,fixed,2551,-3.6294590356722853,31.28905752880032,-1.8414065671194457,-2.2398076364940787,-9381.5,-9258.75,9508,3228,1.0,0.0,0.0,0.0,0.0,0.0,0.0
IS,30,long,invvol,2551,-4.3600314933213875,13.854659508070549,-4.995673419336648,-6.8954571526863875,-11162.370488951023,-11122.440339462859,9508,3228,1.206229018508401,-3.1542668522172024,-3.4963907801124265,-2.831194477718474,-4.655649516192309,-5.179736494360094,-4.1988200810216005
IS,30,long,invvol_high_aware,2551,-3.955441909970089,12.739454659080033,-4.928836861168555,-6.708172031500325,-10121.431089895823,-10090.332312333698,9508,3228,1.1011183413055081,-3.087430294049109,-3.453938047474188,-2.7539015299141782,-4.468364395006247,-5.023662619545832,-3.9683666427904014
IS,30,short,fixed,2551,-3.8248725989807917,31.30490830608501,-1.9395670981297353,-2.5963815728341877,-10196.5,-9757.25,9508,3228,1.0,0.0,0.0,0.0,0.0,0.0,0.0
IS,30,short,invvol,2551,-4.631599637982318,14.01248501173655,-5.247061090557858,-7.997985908120749,-11897.038816840382,-11815.210676492894,9508,3228,1.206229018508401,-3.3074939924281224,-3.691009744389768,-2.899684749980017,-5.401604335286562,-5.856032816697324,-4.903719778262504
IS,30,short,invvol_high_aware,2551,-4.252659375120283,12.903357943439888,-5.231884211794296,-7.9642109564156565,-10925.7480520214,-10848.53406593184,9508,3228,1.1011183413055081,-3.2923171136645606,-3.7038923263554397,-2.8510507843738813,-5.367829383581469,-5.861650238649277,-4.84506750574153
IS,60,coinflip,fixed,2479,-3.424969745865268,43.863272224852096,-1.239526975875564,-1.5566950325135986,-9320.5,-8490.5,9409,3207,1.0,0.0,0.0,0.0,0.0,0.0,0.0
IS,60,coinflip,invvol,2479,-4.345763024084864,20.788504927288486,-3.3185094143414897,-4.9271290187640835,-10877.666230298037,-10773.146536706377,9409,3207,1.206229018508401,-2.0789824384659257,-2.435596067641099,-1.7088527714463737,-3.370433986250485,-3.8947017134791477,-2.844076910514919
IS,60,coinflip,invvol_high_aware,2479,-3.914112292131949,19.210976885638065,-3.2343283083029486,-4.7722898074007585,-9768.979372724203,-9703.084372195102,9409,3207,1.1011183413055081,-1.9948013324273846,-2.3725008589585284,-1.6035481159477598,-3.21559477488716,-3.7576387931514112,-2.6663507933870125
IS,60,long,fixed,2479,-4.340056474384832,43.32909525152372,-1.590069218922022,-1.8460575117562845,-10966.0,-10759.0,9409,3207,1.0,0.0,0.0,0.0,0.0,0.0,0.0
IS,60,long,invvol,2479,-4.4583969450345196,19.874326448652724,-3.56111979735678,-4.938072762969326,-11062.983182232745,-11052.366026740574,9409,3207,1.206229018508401,-1.9710505784347578,-2.309783423477675,-1.6560932650490574,-3.0920152512130414,-3.564573953544237,-2.6661762635911836
IS,60,long,invvol_high_aware,2479,-4.023681231957425,18.350419401426066,-3.480790164587749,-4.769314911580414,-9974.944227847076,-9974.705774022455,9409,3207,1.1011183413055081,-1.890720945665727,-2.2471366701672726,-1.5610696123038945,-2.92325739982413,-3.407628779254353,-2.491660798631712
IS,60,short,fixed,2479,-3.2509076240419525,43.34117615649892,-1.1907050806468464,-1.6827526380639868,-8997.0,-8059.0,9409,3207,1.0,0.0,0.0,0.0,0.0,0.0,0.0
IS,60,short,invvol,2479,-4.574651018679233,20.209601325942256,-3.5933580485222865,-5.744956995180029,-11598.21872209836,-11340.559875305818,9409,3207,1.206229018508401,-2.40265296787544,-2.7619185758827633,-2.01363609610663,-4.062204357116043,-4.586116939007117,-3.51644799385168
IS,60,short,invvol_high_aware,2479,-4.212930580080701,18.677139257387662,-3.580751779616482,-5.687215559293346,-10680.99647521159,-10443.854908020057,9409,3207,1.1011183413055081,-2.3900466989696354,-2.764395902321429,-1.9840530385516735,-4.00446292122936,-4.547120886638597,-3.4502709427362928
Validation,30,coinflip,fixed,775,-3.3083870967741937,72.2632901368347,-0.7267731221945362,-1.0532717065050587,-3290.0,-2564.0,3076,1020,1.0,0.0,0.0,0.0,0.0,0.0,0.0
Validation,30,coinflip,invvol,775,-1.336950600043805,19.59884458081471,-1.0828920414085292,-1.6096893283490625,-1103.391749687411,-1036.1367150339488,3076,1020,0.36713218122583274,-0.3561189192139931,-0.5662899378175095,-0.15109815566748908,-0.5564176218440038,-0.8764513805440388,-0.2639689076411388
Validation,30,coinflip,invvol_high_aware,775,-1.16778630351165,17.91517332121168,-1.0347671512285161,-1.5651440189704442,-977.8284535029134,-905.0343852215287,3076,1020,0.33604930799370025,-0.30799402903398,-0.5699905154801499,-0.06670003225822742,-0.5118723124653854,-0.9015822984307909,-0.1642393973664044
Validation,30,long,fixed,775,-0.7587096774193548,74.63460736947684,-0.1613747719321904,-0.23969747865611854,-2579.25,-588.0,3076,1020,1.0,0.0,0.0,0.0,0.0,0.0,0.0
Validation,30,long,invvol,775,-0.3916470007074418,20.23006808833052,-0.307324887213983,-0.47907754985367007,-794.1911048279646,-303.5264255482674,3076,1020,0.36713218122583274,-0.14595011528179258,-0.3502750752268507,0.040994208045743136,-0.23938007119755153,-0.5543182798609577,0.058548850544487364
Validation,30,long,invvol_high_aware,775,-0.2558581748477518,18.37535129774666,-0.22103646039127783,-0.34886450555056925,-679.0199596917885,-198.29008550700763,3076,1020,0.33604930799370025,-0.059661688459087425,-0.3246901995713541,0.1903436081795938,-0.10916702689445071,-0.5236135207666368,0.29540414374717455
Validation,30,short,fixed,775,-7.179354838709678,74.63567363300874,-1.527000686335065,-2.4347536626407007,-5744.5,-5564.0,3076,1020,1.0,0.0,0.0,0.0,0.0,0.0,0.0
Validation,30,short,invvol,775,-2.522671939810394,20.221775514399646,-1.9803491302887275,-3.0330603107220098,-2009.9640477084267,-1955.0707533530554,3076,1020,0.36713218122583274,-0.4533484439536626,-0.6358854235952007,-0.2640254155367701,-0.5983066480813091,-0.9075397626251569,-0.2900428666209521
Validation,30,short,invvol_high_aware,775,-2.4117229126067565,18.3830826171539,-2.0826166723527666,-3.199478268786281,-1925.9736800829146,-1869.0852572702363,3076,1020,0.33604930799370025,-0.5556159860177017,-0.797550309811153,-0.3017079607021754,-0.7647246061455801,-1.1719329867754686,-0.38260155933921913
Validation,60,coinflip,fixed,775,-3.1319354838709677,101.14514586684213,-0.4915503759437132,-0.7392314036341104,-4834.25,-2427.25,3070,1019,1.0,0.0,0.0,0.0,0.0,0.0,0.0
Validation,60,coinflip,invvol,775,-1.2737756177611028,27.83845925547184,-0.7263534550744504,-1.1224601401863727,-1543.325391155666,-987.1761037648547,3070,1019,0.36713218122583274,-0.23480307913073717,-0.46275320962639294,-0.019720228364591603,-0.3832287365522623,-0.7415167042409997,-0.05702993013925849
Validation,60,coinflip,invvol_high_aware,775,-1.0998242544846557,25.604324884017288,-0.6818835825020652,-1.0438489422122614,-1355.405737750125,-852.3637972256081,3070,1019,0.33604930799370025,-0.19033320655835195,-0.4839143785546036,0.07770140182309945,-0.304617538578151,-0.7578251613446354,0.09304021126682889
Validation,60,long,fixed,775,-2.2835483870967743,100.54145083932241,-0.36054986805568,-0.5051567652115497,-2889.5,-1769.75,3070,1019,1.0,0.0,0.0,0.0,0.0,0.0,0.0
Validation,60,long,invvol,775,-0.7422367636250646,27.904193413268295,-0.4222535003389683,-0.6178819306399401,-873.1249219713412,-575.2334918094251,3070,1019,0.36713218122583274,-0.06170363228328829,-0.29786336846205286,0.15894183592076375,-0.1127251654283904,-0.46163438789033423,0.2023542482454642
Validation,60,long,invvol_high_aware,775,-0.6701013754683157,25.526570271769916,-0.4167238075031584,-0.6080081078735209,-724.3266989585445,-519.3285659879447,3070,1019,0.33604930799370025,-0.056173939447478394,-0.36070056727065297,0.2247751040214422,-0.10285134266197116,-0.5360402328957193,0.3048484091818209
Validation,60,short,fixed,775,-5.639032258064516,100.53191113935415,-0.8904323107453198,-1.458091921665565,-5752.75,-4370.25,3070,1019,1.0,0.0,0.0,0.0,0.0,0.0,0.0
Validation,60,short,invvol,775,-2.166210248477394,27.899566465306176,-1.2325468093730227,-1.9823154486412429,-2042.0616964578626,-1678.8129425699806,3070,1019,0.36713218122583274,-0.34211449862770293,-0.5620388549504568,-0.10883077684268633,-0.5242235269756779,-0.8850126847180264,-0.1551575567605689
Validation,60,short,invvol_high_aware,775,-1.992043821667123,25.54017723937134,-1.238155672173473,-1.9423602180141821,-1952.1875818310682,-1543.8339617920203,3070,1019,0.33604930799370025,-0.3477233614281532,-0.6322023858172702,-0.049774617592665826,-0.4842682963486171,-0.9323296066136151,-0.029733599454403587
OOS,30,coinflip,fixed,414,1.5090579710144927,107.898164913053,0.22202001907083746,0.3509292590087136,-2203.0,624.75,1637,574,1.0,0.0,0.0,0.0,0.0,0.0,0.0
OOS,30,coinflip,invvol,414,0.07740142636964761,27.293381983342933,0.045018589214208225,0.07150514993315976,-663.6228862230214,32.04419051703411,1637,574,0.2838180341189585,-0.17700142985662923,-0.3027582732228532,-0.058746280407935225,-0.2794241090755538,-0.495903172841643,-0.08898205099319265
OOS,30,coinflip,invvol_high_aware,414,0.06300133977293511,23.734275719065362,0.04213801489695497,0.06547901093974122,-591.3004139132697,26.082554665995133,1637,574,0.2549497697027568,-0.1798820041738825,-0.43427741503942563,0.08105871170035364,-0.28545024806897235,-0.724796098882949,0.12362541742041383
OOS,30,long,fixed,414,-1.298913043478261,113.02688640705703,-0.1824309771056528,-0.23218804241777455,-1902.5,-537.75,1637,574,1.0,0.0,0.0,0.0,0.0,0.0,0.0
OOS,30,long,invvol,414,-0.4158623344831372,28.67186070612259,-0.2302469995844093,-0.2957281379578616,-482.5020647486467,-172.1670064760188,1637,574,0.2838180341189585,-0.04781602247875652,-0.16101032158964426,0.06409222369294146,-0.06354009554008708,-0.21083448509159222,0.08210812784684461
OOS,30,long,invvol_high_aware,414,-0.656009152004804,25.02110395851873,-0.4162015577404999,-0.5319246580562498,-487.3701825880457,-271.58778892998885,1637,574,0.2549497697027568,-0.2337705806348471,-0.470644812113229,0.020649964023406603,-0.2997366156384752,-0.616565860470653,0.019821891096440798
OOS,30,short,fixed,414,-6.609299516908212,113.02515969126941,-0.9282833791968115,-1.5497400569552533,-4680.75,-2736.25,1637,574,1.0,0.0,0.0,0.0,0.0,0.0,0.0
OOS,30,short,invvol,414,-1.8286310078006067,28.6703275754765,-1.0124968834636157,-1.695854069975694,-1241.4134167158738,-757.0532372294512,1637,574,0.2838180341189585,-0.08421350426680418,-0.19869053086049177,0.02810269933151315,-0.1461140130204408,-0.33795953519226357,0.039664232124546686
OOS,30,short,invvol_high_aware,414,-1.3601878190261758,25.022817259385132,-0.8629049242965265,-1.4773392289959997,-1072.696527301481,-563.1177570768368,1637,574,0.2549497697027568,0.06537845490028493,-0.1961252657282283,0.30891122414556416,0.07240082795925362,-0.35213700444527596,0.46702922754485443
OOS,60,coinflip,fixed,414,6.300724637681159,154.75180714762027,0.6463310811575842,0.914578117989249,-3454.75,2608.5,1634,574,1.0,0.0,0.0,0.0,0.0,0.0,0.0
OOS,60,coinflip,invvol,414,1.1739042427836501,39.47101687499858,0.4721224232826517,0.6800145063620998,-991.619297319425,485.99635651243113,1634,574,0.2838180341189585,-0.1742086578749325,-0.30719219993910685,-0.03841604644062995,-0.23456361162714923,-0.49010125446125297,-0.04680220216339734
OOS,60,coinflip,invvol_high_aware,414,0.7765238124112535,34.471628023269794,0.3575964953044426,0.5317561607640257,-866.5691650332467,321.48085833825894,1634,574,0.2549497697027568,-0.2887345858531416,-0.577734136170241,-0.017400459360961205,-0.3828219572252234,-1.0444083160415056,0.027449764772246903
OOS,60,long,fixed,414,3.385265700483092,163.77905117321322,0.3281214942153731,0.4675243015526455,-2983.25,1401.5,1634,574,1.0,0.0,0.0,0.0,0.0,0.0,0.0
OOS,60,long,invvol,414,0.7479598350363226,41.783255970206554,0.28416871805041705,0.40994598079000055,-803.133615246974,309.65537170503757,1634,574,0.2838180341189585,-0.043952776164956076,-0.16697862475925318,0.08257217768279461,-0.05757832076264496,-0.24311907800516586,0.12365390633185942
OOS,60,long,invvol_high_aware,414,0.4532321374092038,37.45497734258366,0.19209295108615712,0.27418987329665423,-738.1689612678219,187.63810488741038,1634,574,0.2549497697027568,-0.136028543129216,-0.39981674982483506,0.13274107567026894,-0.1933344282559913,-0.5826539154499742,0.20192248134919583
OOS,60,short,fixed,414,-11.278985507246377,163.77911198752886,-1.0932306445359623,-1.627641882457738,-6200.25,-4669.5,1634,574,1.0,0.0,0.0,0.0,0.0,0.0,0.0
OOS,60,short,invvol,414,-2.987217652817099,41.77378219726961,-1.1351763626362816,-1.7237587666578873,-1613.9689578330854,-1236.708108266279,1634,574,0.2838180341189585,-0.04194571810031933,-0.17278153546094405,0.08289890456125264,-0.09611688420014919,-0.30457070284600557,0.09284666272138835
OOS,60,short,invvol_high_aware,414,-2.464193583937216,37.44653465634955,-1.0446323215619662,-1.6141194746933343,-1471.188251824591,-1020.1761437500074,1634,574,0.2549497697027568,0.04859832297399613,-0.2252843960650304,0.3061277175385777,0.013522407764403832,-0.4106101980907355,0.4057209219090443
