resolver,session,T_offset,outcome,universe,split,n,win,E
gap_follow,LONDON,30,H240,ALL,IS,2388,0.4824120603015075,-1.035175879396985
gap_follow,LONDON,30,H240,ALL,Validation,774,0.5012919896640827,-1.1537467700258397
gap_follow,LONDON,30,H240,ALL,OOS,413,0.5036319612590799,2.4933414043583535
gap_follow,LONDON,30,H240,HIGH,IS,809,0.4820766378244747,-0.8841161928306551
gap_follow,LONDON,30,H240,HIGH,Validation,323,0.49226006191950467,-3.4404024767801857
gap_follow,LONDON,30,H240,HIGH,OOS,67,0.5671641791044776,1.6343283582089552
gap_follow,LONDON,30,SESS_END,ALL,IS,2389,0.49100041858518206,-1.119296776894098
gap_follow,LONDON,30,SESS_END,ALL,Validation,774,0.5051679586563308,1.901485788113695
gap_follow,LONDON,30,SESS_END,ALL,OOS,413,0.513317191283293,9.032687651331718
gap_follow,LONDON,30,SESS_END,HIGH,IS,809,0.4969097651421508,0.10475896168108777
gap_follow,LONDON,30,SESS_END,HIGH,Validation,323,0.47058823529411764,0.31656346749226005
gap_follow,LONDON,30,SESS_END,HIGH,OOS,67,0.5223880597014925,9.201492537313433
gap_follow,LONDON,60,H240,ALL,IS,2387,0.47172182656053624,-0.995182237117721
gap_follow,LONDON,60,H240,ALL,Validation,774,0.5077519379844961,-0.5284237726098191
gap_follow,LONDON,60,H240,ALL,OOS,413,0.5108958837772397,2.8026634382566584
gap_follow,LONDON,60,H240,HIGH,IS,811,0.46115906288532676,-0.5653514180024661
gap_follow,LONDON,60,H240,HIGH,Validation,315,0.4984126984126984,-1.9833333333333334
gap_follow,LONDON,60,H240,HIGH,OOS,72,0.5555555555555556,8.395833333333334
gap_follow,LONDON,60,SESS_END,ALL,IS,2393,0.48140409527789385,-1.2575219389887171
gap_follow,LONDON,60,SESS_END,ALL,Validation,774,0.5051679586563308,2.100129198966408
gap_follow,LONDON,60,SESS_END,ALL,OOS,413,0.49878934624697335,6.39225181598063
gap_follow,LONDON,60,SESS_END,HIGH,IS,811,0.4907521578298397,-0.156288532675709
gap_follow,LONDON,60,SESS_END,HIGH,Validation,315,0.5142857142857142,4.881746031746032
gap_follow,LONDON,60,SESS_END,HIGH,OOS,72,0.5416666666666666,15.215277777777779
gap_follow,LONDON,90,H240,ALL,IS,2378,0.4873843566021867,-1.103658536585366
gap_follow,LONDON,90,H240,ALL,Validation,774,0.5090439276485789,0.052002583979328165
gap_follow,LONDON,90,H240,ALL,OOS,413,0.513317191283293,3.2542372881355934
gap_follow,LONDON,90,H240,HIGH,IS,808,0.46163366336633666,-1.5383663366336633
gap_follow,LONDON,90,H240,HIGH,Validation,330,0.48484848484848486,-2.1742424242424243
gap_follow,LONDON,90,H240,HIGH,OOS,89,0.5280898876404494,9.96629213483146
gap_follow,LONDON,90,SESS_END,ALL,IS,2389,0.475094181665969,-1.6137505232314775
gap_follow,LONDON,90,SESS_END,ALL,Validation,774,0.4909560723514212,1.4983850129198966
gap_follow,LONDON,90,SESS_END,ALL,OOS,413,0.5012106537530266,5.245157384987894
gap_follow,LONDON,90,SESS_END,HIGH,IS,809,0.4561186650185414,-1.3822620519159456
gap_follow,LONDON,90,SESS_END,HIGH,Validation,330,0.5,-0.39545454545454545
gap_follow,LONDON,90,SESS_END,HIGH,OOS,89,0.550561797752809,11.351123595505618
gap_follow,LONDON,120,H240,ALL,IS,2360,0.4635593220338983,-1.2486228813559321
gap_follow,LONDON,120,H240,ALL,Validation,774,0.49224806201550386,0.8242894056847545
gap_follow,LONDON,120,H240,ALL,OOS,413,0.5084745762711864,4.9757869249394675
gap_follow,LONDON,120,H240,HIGH,IS,805,0.45217391304347826,-0.44596273291925465
gap_follow,LONDON,120,H240,HIGH,Validation,343,0.5189504373177842,1.0794460641399417
gap_follow,LONDON,120,H240,HIGH,OOS,90,0.5888888888888889,12.766666666666667
gap_follow,LONDON,120,SESS_END,ALL,IS,2381,0.48299034019319614,-1.2993490130197396
gap_follow,LONDON,120,SESS_END,ALL,Validation,774,0.5,1.6892764857881137
gap_follow,LONDON,120,SESS_END,ALL,OOS,413,0.5036319612590799,6.279661016949152
gap_follow,LONDON,120,SESS_END,HIGH,IS,808,0.46410891089108913,-0.349009900990099
gap_follow,LONDON,120,SESS_END,HIGH,Validation,343,0.5247813411078717,3.043002915451895
gap_follow,LONDON,120,SESS_END,HIGH,OOS,90,0.5777777777777777,16.447222222222223
gap_follow,NY_PM,30,SESS_END,ALL,IS,2397,0.49979140592407173,-0.12745098039215685
gap_follow,NY_PM,30,SESS_END,ALL,Validation,773,0.5769728331177232,7.750970245795601
gap_follow,NY_PM,30,SESS_END,ALL,OOS,412,0.5266990291262136,9.003033980582524
gap_follow,NY_PM,30,SESS_END,HIGH,IS,822,0.5024330900243309,-1.157846715328467
gap_follow,NY_PM,30,SESS_END,HIGH,Validation,284,0.5422535211267606,1.2913732394366197
gap_follow,NY_PM,30,SESS_END,HIGH,OOS,138,0.5362318840579711,13.202898550724637
gap_follow,NY_PM,60,SESS_END,ALL,IS,2344,0.48677474402730375,-0.5445819112627986
gap_follow,NY_PM,60,SESS_END,ALL,Validation,752,0.5678191489361702,8.621343085106384
gap_follow,NY_PM,60,SESS_END,ALL,OOS,400,0.5275,7.30875
gap_follow,NY_PM,60,SESS_END,HIGH,IS,799,0.4755944931163955,-0.7396745932415519
gap_follow,NY_PM,60,SESS_END,HIGH,Validation,298,0.5604026845637584,6.4874161073825505
gap_follow,NY_PM,60,SESS_END,HIGH,OOS,143,0.5454545454545454,16.842657342657343
gap_follow,NY_PM,90,SESS_END,ALL,IS,2329,0.5023615285530271,0.26363246028338344
gap_follow,NY_PM,90,SESS_END,ALL,Validation,746,0.5844504021447721,9.058981233243967
gap_follow,NY_PM,90,SESS_END,ALL,OOS,397,0.5188916876574308,5.015113350125945
gap_follow,NY_PM,90,SESS_END,HIGH,IS,789,0.49049429657794674,-1.0754119138149556
gap_follow,NY_PM,90,SESS_END,HIGH,Validation,295,0.576271186440678,4.986440677966102
gap_follow,NY_PM,90,SESS_END,HIGH,OOS,142,0.47183098591549294,1.772887323943662
gap_follow,NY_PM,120,SESS_END,ALL,IS,2329,0.49763847144697293,-0.09263632460283383
gap_follow,NY_PM,120,SESS_END,ALL,Validation,746,0.5750670241286864,9.074731903485254
gap_follow,NY_PM,120,SESS_END,ALL,OOS,397,0.491183879093199,4.740554156171284
gap_follow,NY_PM,120,SESS_END,HIGH,IS,790,0.5050632911392405,-0.18037974683544303
gap_follow,NY_PM,120,SESS_END,HIGH,Validation,296,0.5506756756756757,2.7432432432432434
gap_follow,NY_PM,120,SESS_END,HIGH,OOS,137,0.48905109489051096,1.7116788321167884
gap_follow,NY_AM,30,SESS_END,ALL,IS,2402,0.5233139050791007,1.7594712739383847
gap_follow,NY_AM,30,SESS_END,ALL,Validation,774,0.4909560723514212,-5.718023255813954
gap_follow,NY_AM,30,SESS_END,ALL,OOS,412,0.4878640776699029,-11.239684466019417
gap_follow,NY_AM,30,SESS_END,HIGH,IS,815,0.5558282208588957,2.6616564417177915
gap_follow,NY_AM,30,SESS_END,HIGH,Validation,214,0.5280373831775701,3.921728971962617
gap_follow,NY_AM,30,SESS_END,HIGH,OOS,149,0.5369127516778524,-11.310402684563758
gap_follow,NY_AM,60,SESS_END,ALL,IS,2405,0.5072765072765073,1.0103950103950103
gap_follow,NY_AM,60,SESS_END,ALL,Validation,774,0.5219638242894057,-3.2464470284237725
gap_follow,NY_AM,60,SESS_END,ALL,OOS,412,0.4830097087378641,-9.005461165048544
gap_follow,NY_AM,60,SESS_END,HIGH,IS,817,0.5299877600979193,1.0553855569155446
gap_follow,NY_AM,60,SESS_END,HIGH,Validation,240,0.5208333333333334,2.2875
gap_follow,NY_AM,60,SESS_END,HIGH,OOS,153,0.46405228758169936,-10.357843137254902
gap_follow,NY_AM,90,SESS_END,ALL,IS,2405,0.501039501039501,0.8217255717255717
gap_follow,NY_AM,90,SESS_END,ALL,Validation,774,0.524547803617571,-1.7897286821705427
gap_follow,NY_AM,90,SESS_END,ALL,OOS,412,0.5121359223300971,-5.41747572815534
gap_follow,NY_AM,90,SESS_END,HIGH,IS,815,0.50920245398773,0.20306748466257668
gap_follow,NY_AM,90,SESS_END,HIGH,Validation,249,0.5421686746987951,5.168674698795181
gap_follow,NY_AM,90,SESS_END,HIGH,OOS,135,0.5259259259259259,-6.157407407407407
gap_follow,ASIA,30,H240,ALL,IS,1899,0.5002632964718273,-0.5766192733017378
gap_follow,ASIA,30,H240,ALL,Validation,737,0.48846675712347354,-1.896540027137042
gap_follow,ASIA,30,H240,ALL,OOS,396,0.5075757575757576,3.827651515151515
gap_follow,ASIA,30,H240,HIGH,IS,687,0.5094614264919942,0.24199417758369723
gap_follow,ASIA,30,H240,HIGH,Validation,198,0.5353535353535354,-2.457070707070707
gap_follow,ASIA,30,H240,HIGH,OOS,215,0.4604651162790698,0.12906976744186047
gap_follow,ASIA,30,SESS_END,ALL,IS,1999,0.49824912456228115,-1.159079539769885
gap_follow,ASIA,30,SESS_END,ALL,Validation,737,0.5305291723202171,1.6977611940298507
gap_follow,ASIA,30,SESS_END,ALL,OOS,397,0.5390428211586902,4.9691435768261965
gap_follow,ASIA,30,SESS_END,HIGH,IS,700,0.5057142857142857,-0.5796428571428571
gap_follow,ASIA,30,SESS_END,HIGH,Validation,198,0.5757575757575758,5.877525252525253
gap_follow,ASIA,30,SESS_END,HIGH,OOS,216,0.5185185185185185,5.326388888888889
gap_follow,ASIA,60,H240,ALL,IS,1774,0.4983089064261556,-0.11006200676437429
gap_follow,ASIA,60,H240,ALL,Validation,737,0.5047489823609227,-0.2194708276797829
gap_follow,ASIA,60,H240,ALL,OOS,396,0.5025252525252525,3.6035353535353534
gap_follow,ASIA,60,H240,HIGH,IS,631,0.49920760697305866,0.5249603803486529
gap_follow,ASIA,60,H240,HIGH,Validation,175,0.5542857142857143,1.0285714285714285
gap_follow,ASIA,60,H240,HIGH,OOS,199,0.45226130653266333,-8.146984924623116
gap_follow,ASIA,60,SESS_END,ALL,IS,1891,0.4907456372289794,-0.9124801692226335
gap_follow,ASIA,60,SESS_END,ALL,Validation,737,0.519674355495251,2.4196065128900948
gap_follow,ASIA,60,SESS_END,ALL,OOS,397,0.5617128463476071,4.479848866498741
gap_follow,ASIA,60,SESS_END,HIGH,IS,656,0.4801829268292683,-1.5419207317073171
gap_follow,ASIA,60,SESS_END,HIGH,Validation,175,0.5485714285714286,6.118571428571428
gap_follow,ASIA,60,SESS_END,HIGH,OOS,200,0.51,-5.33
gap_follow,ASIA,90,H240,ALL,IS,1628,0.4975429975429975,-0.5006142506142506
gap_follow,ASIA,90,H240,ALL,Validation,737,0.47489823609226595,-1.2262550881953866
gap_follow,ASIA,90,H240,ALL,OOS,396,0.51010101010101,1.6534090909090908
gap_follow,ASIA,90,H240,HIGH,IS,573,0.4973821989528796,0.1457242582897033
gap_follow,ASIA,90,H240,HIGH,Validation,163,0.4723926380368098,-8.035276073619633
gap_follow,ASIA,90,H240,HIGH,OOS,195,0.48717948717948717,-6.65
gap_follow,ASIA,90,SESS_END,ALL,IS,1732,0.4959584295612009,-0.8370381062355658
gap_follow,ASIA,90,SESS_END,ALL,Validation,737,0.5101763907734057,1.521709633649932
gap_follow,ASIA,90,SESS_END,ALL,OOS,397,0.5440806045340051,1.7865239294710327
gap_follow,ASIA,90,SESS_END,HIGH,IS,588,0.49489795918367346,-1.155187074829932
gap_follow,ASIA,90,SESS_END,HIGH,Validation,163,0.4785276073619632,-2.0521472392638036
gap_follow,ASIA,90,SESS_END,HIGH,OOS,196,0.5204081632653061,-3.544642857142857
gap_follow,ASIA,120,H240,ALL,IS,2043,0.5007342143906021,-0.5597161037689672
gap_follow,ASIA,120,H240,ALL,Validation,737,0.48846675712347354,-0.03867028493894165
gap_follow,ASIA,120,H240,ALL,OOS,396,0.5252525252525253,2.486111111111111
gap_follow,ASIA,120,H240,HIGH,IS,714,0.4957983193277311,-0.29446778711484595
gap_follow,ASIA,120,H240,HIGH,Validation,161,0.5341614906832298,2.108695652173913
gap_follow,ASIA,120,H240,HIGH,OOS,185,0.5459459459459459,-4.235135135135135
gap_follow,ASIA,120,SESS_END,ALL,IS,2127,0.5054066760695816,-0.8028913963328632
gap_follow,ASIA,120,SESS_END,ALL,Validation,737,0.5223880597014925,2.4304613297150612
gap_follow,ASIA,120,SESS_END,ALL,OOS,397,0.5415617128463476,2.2493702770780857
gap_follow,ASIA,120,SESS_END,HIGH,IS,739,0.5047361299052774,-0.6864005412719891
gap_follow,ASIA,120,SESS_END,HIGH,Validation,161,0.5279503105590062,4.433229813664596
gap_follow,ASIA,120,SESS_END,HIGH,OOS,186,0.532258064516129,-1.0201612903225807
gap_follow,ASIA,180,H240,ALL,IS,1922,0.48803329864724243,-0.8874869927159209
gap_follow,ASIA,180,H240,ALL,Validation,737,0.4898236092265943,0.19911804613297152
gap_follow,ASIA,180,H240,ALL,OOS,396,0.5303030303030303,3.1452020202020203
gap_follow,ASIA,180,H240,HIGH,IS,672,0.49851190476190477,-0.29055059523809523
gap_follow,ASIA,180,H240,HIGH,Validation,159,0.49056603773584906,2.3679245283018866
gap_follow,ASIA,180,H240,HIGH,OOS,189,0.5026455026455027,0.15873015873015872
gap_follow,ASIA,180,SESS_END,ALL,IS,1992,0.4939759036144578,-0.7692018072289156
gap_follow,ASIA,180,SESS_END,ALL,Validation,737,0.5101763907734057,2.462008141112619
gap_follow,ASIA,180,SESS_END,ALL,OOS,397,0.5440806045340051,2.804785894206549
gap_follow,ASIA,180,SESS_END,HIGH,IS,688,0.4956395348837209,-0.8063226744186046
gap_follow,ASIA,180,SESS_END,HIGH,Validation,159,0.49056603773584906,3.691823899371069
gap_follow,ASIA,180,SESS_END,HIGH,OOS,190,0.5157894736842106,-1.6078947368421053
prior_day_color,LONDON,30,H240,ALL,IS,2394,0.5,0.5621345029239766
prior_day_color,LONDON,30,H240,ALL,Validation,774,0.4780361757105943,-1.2806847545219637
prior_day_color,LONDON,30,H240,ALL,OOS,413,0.5230024213075061,2.9897094430992737
prior_day_color,LONDON,30,H240,HIGH,IS,816,0.5171568627450981,0.8572303921568627
prior_day_color,LONDON,30,H240,HIGH,Validation,324,0.49074074074074076,2.265432098765432
prior_day_color,LONDON,30,H240,HIGH,OOS,67,0.4925373134328358,-0.208955223880597
prior_day_color,LONDON,30,SESS_END,ALL,IS,2395,0.4893528183716075,1.1349686847599165
prior_day_color,LONDON,30,SESS_END,ALL,Validation,774,0.4844961240310077,-4.7299741602067185
prior_day_color,LONDON,30,SESS_END,ALL,OOS,413,0.5326876513317191,0.9661016949152542
prior_day_color,LONDON,30,SESS_END,HIGH,IS,816,0.5122549019607843,0.5958946078431373
prior_day_color,LONDON,30,SESS_END,HIGH,Validation,324,0.5030864197530864,-2.5285493827160495
prior_day_color,LONDON,30,SESS_END,HIGH,OOS,67,0.5373134328358209,-6.477611940298507
prior_day_color,LONDON,60,H240,ALL,IS,2392,0.4899665551839465,0.2001463210702341
prior_day_color,LONDON,60,H240,ALL,Validation,774,0.46124031007751937,-1.3517441860465116
prior_day_color,LONDON,60,H240,ALL,OOS,413,0.5302663438256658,4.7058111380145276
prior_day_color,LONDON,60,H240,HIGH,IS,816,0.5024509803921569,0.7144607843137255
prior_day_color,LONDON,60,H240,HIGH,Validation,316,0.4936708860759494,1.807753164556962
prior_day_color,LONDON,60,H240,HIGH,OOS,72,0.5,12.743055555555555
prior_day_color,LONDON,60,SESS_END,ALL,IS,2399,0.4885368903709879,1.0722175906627762
prior_day_color,LONDON,60,SESS_END,ALL,Validation,774,0.4689922480620155,-4.999031007751938
prior_day_color,LONDON,60,SESS_END,ALL,OOS,413,0.5375302663438256,3.00363196125908
prior_day_color,LONDON,60,SESS_END,HIGH,IS,817,0.4883720930232558,0.3898408812729498
prior_day_color,LONDON,60,SESS_END,HIGH,Validation,316,0.5031645569620253,-2.1479430379746836
prior_day_color,LONDON,60,SESS_END,HIGH,OOS,72,0.5138888888888888,0.1736111111111111
prior_day_color,LONDON,90,H240,ALL,IS,2382,0.4966414777497901,0.2716204869857263
prior_day_color,LONDON,90,H240,ALL,Validation,774,0.4883720930232558,-0.3084625322997416
prior_day_color,LONDON,90,H240,ALL,OOS,413,0.49878934624697335,-2.391041162227603
prior_day_color,LONDON,90,H240,HIGH,IS,813,0.5055350553505535,0.3016605166051661
prior_day_color,LONDON,90,H240,HIGH,Validation,331,0.48338368580060426,1.3564954682779455
prior_day_color,LONDON,90,H240,HIGH,OOS,89,0.5393258426966292,6.98314606741573
prior_day_color,LONDON,90,SESS_END,ALL,IS,2394,0.49373433583959897,1.02015455304929
prior_day_color,LONDON,90,SESS_END,ALL,Validation,774,0.4754521963824289,-2.977390180878553
prior_day_color,LONDON,90,SESS_END,ALL,OOS,413,0.5375302663438256,1.8771186440677967
prior_day_color,LONDON,90,SESS_END,HIGH,IS,815,0.5030674846625767,0.9831288343558282
prior_day_color,LONDON,90,SESS_END,HIGH,Validation,331,0.4622356495468278,-2.0709969788519635
prior_day_color,LONDON,90,SESS_END,HIGH,OOS,89,0.5393258426966292,-1.3792134831460674
prior_day_color,LONDON,120,H240,ALL,IS,2364,0.4890016920473773,0.581324027072758
prior_day_color,LONDON,120,H240,ALL,Validation,774,0.4689922480620155,-3.731589147286822
prior_day_color,LONDON,120,H240,ALL,OOS,413,0.5520581113801453,-3.1573849878934626
prior_day_color,LONDON,120,H240,HIGH,IS,808,0.4876237623762376,0.9610148514851485
prior_day_color,LONDON,120,H240,HIGH,Validation,343,0.46647230320699706,-3.2346938775510203
prior_day_color,LONDON,120,H240,HIGH,OOS,90,0.5888888888888889,-0.6944444444444444
prior_day_color,LONDON,120,SESS_END,ALL,IS,2385,0.49769392033542975,0.8010482180293501
prior_day_color,LONDON,120,SESS_END,ALL,Validation,774,0.47416020671834624,-3.2038113695090438
prior_day_color,LONDON,120,SESS_END,ALL,OOS,413,0.5375302663438256,1.7663438256658595
prior_day_color,LONDON,120,SESS_END,HIGH,IS,811,0.5080147965474723,1.1982120838471024
prior_day_color,LONDON,120,SESS_END,HIGH,Validation,343,0.46647230320699706,-1.7988338192419826
prior_day_color,LONDON,120,SESS_END,HIGH,OOS,90,0.5444444444444444,-1.7083333333333333
prior_day_color,NY_PM,30,SESS_END,ALL,IS,2393,0.4985374007521939,-0.9619724195570414
prior_day_color,NY_PM,30,SESS_END,ALL,Validation,773,0.517464424320828,4.465394566623544
prior_day_color,NY_PM,30,SESS_END,ALL,OOS,412,0.5121359223300971,-6.373179611650485
prior_day_color,NY_PM,30,SESS_END,HIGH,IS,820,0.5170731707317073,-1.8780487804878048
prior_day_color,NY_PM,30,SESS_END,HIGH,Validation,284,0.5,4.845950704225352
prior_day_color,NY_PM,30,SESS_END,HIGH,OOS,138,0.5072463768115942,-23.757246376811594
prior_day_color,NY_PM,60,SESS_END,ALL,IS,2339,0.4839675074818298,-0.9159897392047883
prior_day_color,NY_PM,60,SESS_END,ALL,Validation,752,0.5372340425531915,4.874002659574468
prior_day_color,NY_PM,60,SESS_END,ALL,OOS,400,0.49,-6.33375
prior_day_color,NY_PM,60,SESS_END,HIGH,IS,800,0.4975,-0.34625
prior_day_color,NY_PM,60,SESS_END,HIGH,Validation,297,0.5589225589225589,11.373737373737374
prior_day_color,NY_PM,60,SESS_END,HIGH,OOS,143,0.4825174825174825,-12.283216783216783
prior_day_color,NY_PM,90,SESS_END,ALL,IS,2324,0.5021514629948365,-0.9509466437177281
prior_day_color,NY_PM,90,SESS_END,ALL,Validation,746,0.5294906166219839,4.754356568364611
prior_day_color,NY_PM,90,SESS_END,ALL,OOS,397,0.49370277078085645,-4.557934508816121
prior_day_color,NY_PM,90,SESS_END,HIGH,IS,790,0.5151898734177215,-0.03132911392405063
prior_day_color,NY_PM,90,SESS_END,HIGH,Validation,295,0.5491525423728814,7.1305084745762715
prior_day_color,NY_PM,90,SESS_END,HIGH,OOS,142,0.49295774647887325,-10.540492957746478
prior_day_color,NY_PM,120,SESS_END,ALL,IS,2324,0.5094664371772806,-0.9536359724612736
prior_day_color,NY_PM,120,SESS_END,ALL,Validation,746,0.5375335120643432,3.8220509383378016
prior_day_color,NY_PM,120,SESS_END,ALL,OOS,397,0.49622166246851385,0.4244332493702771
prior_day_color,NY_PM,120,SESS_END,HIGH,IS,791,0.5410872313527181,1.4699747155499368
prior_day_color,NY_PM,120,SESS_END,HIGH,Validation,297,0.5286195286195287,4.722222222222222
prior_day_color,NY_PM,120,SESS_END,HIGH,OOS,137,0.5036496350364964,-3.5839416058394162
prior_day_color,NY_AM,30,SESS_END,ALL,IS,2400,0.5041666666666667,-0.7846875
prior_day_color,NY_AM,30,SESS_END,ALL,Validation,773,0.5200517464424321,0.08473479948253558
prior_day_color,NY_AM,30,SESS_END,ALL,OOS,412,0.4975728155339806,-6.888956310679611
prior_day_color,NY_AM,30,SESS_END,HIGH,IS,816,0.5073529411764706,-1.1795343137254901
prior_day_color,NY_AM,30,SESS_END,HIGH,Validation,214,0.5700934579439252,7.169392523364486
prior_day_color,NY_AM,30,SESS_END,HIGH,OOS,149,0.47651006711409394,-18.649328859060404
prior_day_color,NY_AM,60,SESS_END,ALL,IS,2403,0.5010403662089056,-0.796608406158968
prior_day_color,NY_AM,60,SESS_END,ALL,Validation,773,0.5213454075032341,1.823738680465718
prior_day_color,NY_AM,60,SESS_END,ALL,OOS,412,0.4854368932038835,-5.523665048543689
prior_day_color,NY_AM,60,SESS_END,HIGH,IS,818,0.4938875305623472,-2.029645476772616
prior_day_color,NY_AM,60,SESS_END,HIGH,Validation,240,0.5666666666666667,8.68125
prior_day_color,NY_AM,60,SESS_END,HIGH,OOS,153,0.47058823529411764,-13.63888888888889
prior_day_color,NY_AM,90,SESS_END,ALL,IS,2403,0.4964627548897212,-0.37640449438202245
prior_day_color,NY_AM,90,SESS_END,ALL,Validation,773,0.5071151358344114,1.584411384217335
prior_day_color,NY_AM,90,SESS_END,ALL,OOS,412,0.47572815533980584,-7.672330097087379
prior_day_color,NY_AM,90,SESS_END,HIGH,IS,815,0.48588957055214727,-1.4662576687116564
prior_day_color,NY_AM,90,SESS_END,HIGH,Validation,249,0.5461847389558233,7.251004016064257
prior_day_color,NY_AM,90,SESS_END,HIGH,OOS,135,0.4962962962962963,-4.557407407407408
prior_day_color,ASIA,30,H240,ALL,IS,1999,0.511255627813907,0.4724862431215608
prior_day_color,ASIA,30,H240,ALL,Validation,773,0.5200517464424321,2.1209573091849934
prior_day_color,ASIA,30,H240,ALL,OOS,411,0.48905109489051096,-6.406326034063261
prior_day_color,ASIA,30,H240,HIGH,IS,706,0.509915014164306,0.3321529745042493
prior_day_color,ASIA,30,H240,HIGH,Validation,207,0.5458937198067633,3.582125603864734
prior_day_color,ASIA,30,H240,HIGH,OOS,223,0.5022421524663677,-5.825112107623318
prior_day_color,ASIA,30,SESS_END,ALL,IS,2104,0.498574144486692,-0.04836026615969582
prior_day_color,ASIA,30,SESS_END,ALL,Validation,773,0.5097024579560155,2.1989003880983184
prior_day_color,ASIA,30,SESS_END,ALL,OOS,412,0.5145631067961165,-3.0904126213592233
prior_day_color,ASIA,30,SESS_END,HIGH,IS,720,0.4986111111111111,-0.36736111111111114
prior_day_color,ASIA,30,SESS_END,HIGH,Validation,207,0.5024154589371981,8.045893719806763
prior_day_color,ASIA,30,SESS_END,HIGH,OOS,224,0.5223214285714286,-4.7421875
prior_day_color,ASIA,60,H240,ALL,IS,1871,0.5109567076429716,0.8455371459112774
prior_day_color,ASIA,60,H240,ALL,Validation,773,0.5032341526520052,0.6691461836998707
prior_day_color,ASIA,60,H240,ALL,OOS,411,0.4768856447688564,-6.794403892944039
prior_day_color,ASIA,60,H240,HIGH,IS,648,0.5108024691358025,1.2770061728395061
prior_day_color,ASIA,60,H240,HIGH,Validation,184,0.5163043478260869,-0.7472826086956522
prior_day_color,ASIA,60,H240,HIGH,OOS,206,0.5097087378640777,-2.503640776699029
prior_day_color,ASIA,60,SESS_END,ALL,IS,1993,0.498745609633718,0.13183642749623684
prior_day_color,ASIA,60,SESS_END,ALL,Validation,773,0.5071151358344114,1.0863518758085382
prior_day_color,ASIA,60,SESS_END,ALL,OOS,412,0.5097087378640777,-5.285800970873787
prior_day_color,ASIA,60,SESS_END,HIGH,IS,675,0.52,0.43777777777777777
prior_day_color,ASIA,60,SESS_END,HIGH,Validation,184,0.5380434782608695,3.7934782608695654
prior_day_color,ASIA,60,SESS_END,HIGH,OOS,207,0.5458937198067633,-3.0893719806763285
prior_day_color,ASIA,90,H240,ALL,IS,1717,0.49097262667443214,0.44569015725101924
prior_day_color,ASIA,90,H240,ALL,Validation,773,0.5161707632600259,-0.006144890038809832
prior_day_color,ASIA,90,H240,ALL,OOS,411,0.4744525547445255,-7.122871046228711
prior_day_color,ASIA,90,H240,HIGH,IS,589,0.47198641765704585,-0.5522071307300509
prior_day_color,ASIA,90,H240,HIGH,Validation,171,0.5497076023391813,4.074561403508772
prior_day_color,ASIA,90,H240,HIGH,OOS,201,0.5074626865671642,-4.309701492537314
prior_day_color,ASIA,90,SESS_END,ALL,IS,1826,0.4874041621029573,-0.3203723986856517
prior_day_color,ASIA,90,SESS_END,ALL,Validation,773,0.5135834411384217,0.8360284605433377
prior_day_color,ASIA,90,SESS_END,ALL,OOS,412,0.5,-6.384101941747573
prior_day_color,ASIA,90,SESS_END,HIGH,IS,606,0.4867986798679868,-1.3626237623762376
prior_day_color,ASIA,90,SESS_END,HIGH,Validation,171,0.5614035087719298,7.244152046783626
prior_day_color,ASIA,90,SESS_END,HIGH,OOS,202,0.5346534653465347,-5.566831683168317
prior_day_color,ASIA,120,H240,ALL,IS,2150,0.49116279069767443,0.10941860465116279
prior_day_color,ASIA,120,H240,ALL,Validation,773,0.5213454075032341,0.2166882276843467
prior_day_color,ASIA,120,H240,ALL,OOS,411,0.49635036496350365,-3.5699513381995134
prior_day_color,ASIA,120,H240,HIGH,IS,735,0.49387755102040815,-0.4704081632653061
prior_day_color,ASIA,120,H240,HIGH,Validation,173,0.5028901734104047,0.596820809248555
prior_day_color,ASIA,120,H240,HIGH,OOS,193,0.5129533678756477,-2.4702072538860103
prior_day_color,ASIA,120,SESS_END,ALL,IS,2236,0.49105545617173524,-0.2580500894454383
prior_day_color,ASIA,120,SESS_END,ALL,Validation,773,0.5200517464424321,0.5802069857697283
prior_day_color,ASIA,120,SESS_END,ALL,OOS,412,0.5072815533980582,-2.307645631067961
prior_day_color,ASIA,120,SESS_END,HIGH,IS,761,0.5019710906701709,-0.9917871222076216
prior_day_color,ASIA,120,SESS_END,HIGH,Validation,173,0.5664739884393064,6.13728323699422
prior_day_color,ASIA,120,SESS_END,HIGH,OOS,194,0.5360824742268041,-1.190721649484536
prior_day_color,ASIA,180,H240,ALL,IS,2029,0.49630359783144407,0.38565795958600296
prior_day_color,ASIA,180,H240,ALL,Validation,773,0.535575679172057,1.924320827943079
prior_day_color,ASIA,180,H240,ALL,OOS,411,0.5182481751824818,-0.732360097323601
prior_day_color,ASIA,180,H240,HIGH,IS,699,0.5121602288984263,0.3626609442060086
prior_day_color,ASIA,180,H240,HIGH,Validation,169,0.5443786982248521,6.289940828402367
prior_day_color,ASIA,180,H240,HIGH,OOS,198,0.5151515151515151,-1.7853535353535352
prior_day_color,ASIA,180,SESS_END,ALL,IS,2103,0.4969091773656681,0.05420827389443652
prior_day_color,ASIA,180,SESS_END,ALL,Validation,773,0.500646830530401,1.1326002587322122
prior_day_color,ASIA,180,SESS_END,ALL,OOS,412,0.5,-0.3598300970873786
prior_day_color,ASIA,180,SESS_END,HIGH,IS,716,0.5069832402234636,0.18505586592178772
prior_day_color,ASIA,180,SESS_END,HIGH,Validation,169,0.5621301775147929,8.36094674556213
prior_day_color,ASIA,180,SESS_END,HIGH,OOS,199,0.49748743718592964,-4.347989949748744
prior_sess_mid,LONDON,30,H240,ALL,IS,2359,0.47520135650699447,-0.9314328105129293
prior_sess_mid,LONDON,30,H240,ALL,Validation,775,0.47870967741935483,-3.7183870967741934
prior_sess_mid,LONDON,30,H240,ALL,OOS,411,0.44525547445255476,-9.639294403892944
prior_sess_mid,LONDON,30,H240,HIGH,IS,796,0.4849246231155779,-0.4236809045226131
prior_sess_mid,LONDON,30,H240,HIGH,Validation,324,0.44135802469135804,-5.91358024691358
prior_sess_mid,LONDON,30,H240,HIGH,OOS,66,0.3787878787878788,-19.920454545454547
prior_sess_mid,LONDON,30,SESS_END,ALL,IS,2360,0.4860169491525424,-1.4451271186440677
prior_sess_mid,LONDON,30,SESS_END,ALL,Validation,775,0.4838709677419355,-0.7138709677419355
prior_sess_mid,LONDON,30,SESS_END,ALL,OOS,411,0.5085158150851582,-1.051094890510949
prior_sess_mid,LONDON,30,SESS_END,HIGH,IS,796,0.47361809045226133,-1.0549623115577889
prior_sess_mid,LONDON,30,SESS_END,HIGH,Validation,324,0.44135802469135804,-2.622685185185185
prior_sess_mid,LONDON,30,SESS_END,HIGH,OOS,66,0.45454545454545453,-4.162878787878788
prior_sess_mid,LONDON,60,H240,ALL,IS,2374,0.4734625105307498,-0.6876579612468408
prior_sess_mid,LONDON,60,H240,ALL,Validation,772,0.49222797927461137,0.03950777202072539
prior_sess_mid,LONDON,60,H240,ALL,OOS,411,0.5060827250608273,-3.207420924574209
prior_sess_mid,LONDON,60,H240,HIGH,IS,812,0.47783251231527096,-0.6225369458128078
prior_sess_mid,LONDON,60,H240,HIGH,Validation,315,0.47619047619047616,0.49603174603174605
prior_sess_mid,LONDON,60,H240,HIGH,OOS,72,0.5138888888888888,-5.805555555555555
prior_sess_mid,LONDON,60,SESS_END,ALL,IS,2381,0.47333053338933223,-0.9155816883662327
prior_sess_mid,LONDON,60,SESS_END,ALL,Validation,772,0.4844559585492228,1.0612046632124352
prior_sess_mid,LONDON,60,SESS_END,ALL,OOS,411,0.5036496350364964,0.9063260340632603
prior_sess_mid,LONDON,60,SESS_END,HIGH,IS,813,0.4735547355473555,-0.5885608856088561
prior_sess_mid,LONDON,60,SESS_END,HIGH,Validation,315,0.4793650793650794,2.7746031746031745
prior_sess_mid,LONDON,60,SESS_END,HIGH,OOS,72,0.5,3.548611111111111
prior_sess_mid,LONDON,90,H240,ALL,IS,2355,0.47855626326963907,-0.9806794055201699
prior_sess_mid,LONDON,90,H240,ALL,Validation,774,0.48578811369509045,-3.204780361757106
prior_sess_mid,LONDON,90,H240,ALL,OOS,413,0.5060532687651331,-6.188861985472155
prior_sess_mid,LONDON,90,H240,HIGH,IS,802,0.4488778054862843,-1.753428927680798
prior_sess_mid,LONDON,90,H240,HIGH,Validation,330,0.44242424242424244,-7.537121212121212
prior_sess_mid,LONDON,90,H240,HIGH,OOS,89,0.48314606741573035,-5.370786516853933
prior_sess_mid,LONDON,90,SESS_END,ALL,IS,2367,0.47317279256442757,-1.2811575834389524
prior_sess_mid,LONDON,90,SESS_END,ALL,Validation,774,0.4844961240310077,-1.1166020671834624
prior_sess_mid,LONDON,90,SESS_END,ALL,OOS,413,0.48668280871670705,-4.794794188861985
prior_sess_mid,LONDON,90,SESS_END,HIGH,IS,804,0.44402985074626866,-1.0537935323383085
prior_sess_mid,LONDON,90,SESS_END,HIGH,Validation,330,0.45151515151515154,-6.990909090909091
prior_sess_mid,LONDON,90,SESS_END,HIGH,OOS,89,0.48314606741573035,5.558988764044944
prior_sess_mid,LONDON,120,H240,ALL,IS,2352,0.44855442176870747,-2.2439413265306123
prior_sess_mid,LONDON,120,H240,ALL,Validation,774,0.47416020671834624,-0.10012919896640828
prior_sess_mid,LONDON,120,H240,ALL,OOS,411,0.4793187347931874,1.312043795620438
prior_sess_mid,LONDON,120,H240,HIGH,IS,806,0.4230769230769231,-2.7351116625310175
prior_sess_mid,LONDON,120,H240,HIGH,Validation,344,0.46511627906976744,-2.4011627906976742
prior_sess_mid,LONDON,120,H240,HIGH,OOS,90,0.4666666666666667,8.811111111111112
prior_sess_mid,LONDON,120,SESS_END,ALL,IS,2372,0.4624789207419899,-1.956787521079258
prior_sess_mid,LONDON,120,SESS_END,ALL,Validation,774,0.4909560723514212,0.11563307493540052
prior_sess_mid,LONDON,120,SESS_END,ALL,OOS,411,0.4793187347931874,0.3156934306569343
prior_sess_mid,LONDON,120,SESS_END,HIGH,IS,809,0.4388133498145859,-1.8547589616810878
prior_sess_mid,LONDON,120,SESS_END,HIGH,Validation,344,0.47093023255813954,-2.1489825581395348
prior_sess_mid,LONDON,120,SESS_END,HIGH,OOS,90,0.5,11.908333333333333
prior_sess_mid,NY_PM,30,SESS_END,ALL,IS,2386,0.5184409052808047,1.346709974853311
prior_sess_mid,NY_PM,30,SESS_END,ALL,Validation,773,0.55627425614489,3.9482535575679174
prior_sess_mid,NY_PM,30,SESS_END,ALL,OOS,412,0.5048543689320388,4.095266990291262
prior_sess_mid,NY_PM,30,SESS_END,HIGH,IS,812,0.5036945812807881,0.603756157635468
prior_sess_mid,NY_PM,30,SESS_END,HIGH,Validation,283,0.4876325088339223,-6.240282685512367
prior_sess_mid,NY_PM,30,SESS_END,HIGH,OOS,138,0.5362318840579711,19.514492753623188
prior_sess_mid,NY_PM,60,SESS_END,ALL,IS,2322,0.5090439276485789,0.8121231696813093
prior_sess_mid,NY_PM,60,SESS_END,ALL,Validation,753,0.547144754316069,1.6122177954847277
prior_sess_mid,NY_PM,60,SESS_END,ALL,OOS,400,0.53,4.5625
prior_sess_mid,NY_PM,60,SESS_END,HIGH,IS,792,0.5113636363636364,0.8699494949494949
prior_sess_mid,NY_PM,60,SESS_END,HIGH,Validation,298,0.4966442953020134,-10.906879194630873
prior_sess_mid,NY_PM,60,SESS_END,HIGH,OOS,143,0.5524475524475524,13.94055944055944
prior_sess_mid,NY_PM,90,SESS_END,ALL,IS,2321,0.5122791900043084,1.499569151227919
prior_sess_mid,NY_PM,90,SESS_END,ALL,Validation,747,0.5475234270414994,3.5950468540829985
prior_sess_mid,NY_PM,90,SESS_END,ALL,OOS,395,0.5164556962025316,2.9449367088607596
prior_sess_mid,NY_PM,90,SESS_END,HIGH,IS,788,0.5088832487309645,1.8096446700507614
prior_sess_mid,NY_PM,90,SESS_END,HIGH,Validation,295,0.535593220338983,2.1677966101694914
prior_sess_mid,NY_PM,90,SESS_END,HIGH,OOS,142,0.5563380281690141,15.913732394366198
prior_sess_mid,NY_PM,120,SESS_END,ALL,IS,2312,0.5103806228373703,1.1461937716262975
prior_sess_mid,NY_PM,120,SESS_END,ALL,Validation,741,0.5398110661268556,4.9186909581646425
prior_sess_mid,NY_PM,120,SESS_END,ALL,OOS,397,0.46851385390428213,-0.13727959697732997
prior_sess_mid,NY_PM,120,SESS_END,HIGH,IS,787,0.5120711562897078,2.159783989834816
prior_sess_mid,NY_PM,120,SESS_END,HIGH,Validation,295,0.511864406779661,2.4440677966101694
prior_sess_mid,NY_PM,120,SESS_END,HIGH,OOS,137,0.48905109489051096,-3.0875912408759123
prior_sess_mid,NY_AM,30,SESS_END,ALL,IS,2391,0.4989544123797574,0.0903387703889586
prior_sess_mid,NY_AM,30,SESS_END,ALL,Validation,773,0.49547218628719275,-2.8353816300129364
prior_sess_mid,NY_AM,30,SESS_END,ALL,OOS,409,0.5354523227383863,7.37041564792176
prior_sess_mid,NY_AM,30,SESS_END,HIGH,IS,812,0.49014778325123154,-0.062192118226600986
prior_sess_mid,NY_AM,30,SESS_END,HIGH,Validation,213,0.5070422535211268,3.0246478873239435
prior_sess_mid,NY_AM,30,SESS_END,HIGH,OOS,147,0.5986394557823129,30.818027210884352
prior_sess_mid,NY_AM,60,SESS_END,ALL,IS,2402,0.5,-0.04329725228975854
prior_sess_mid,NY_AM,60,SESS_END,ALL,Validation,773,0.5226390685640362,-0.4679818887451488
prior_sess_mid,NY_AM,60,SESS_END,ALL,OOS,412,0.5266990291262136,0.7275485436893204
prior_sess_mid,NY_AM,60,SESS_END,HIGH,IS,817,0.49571603427172584,0.42533659730722156
prior_sess_mid,NY_AM,60,SESS_END,HIGH,Validation,240,0.525,1.35
prior_sess_mid,NY_AM,60,SESS_END,HIGH,OOS,153,0.6078431372549019,22.269607843137255
prior_sess_mid,NY_AM,90,SESS_END,ALL,IS,2396,0.511686143572621,1.2126460767946579
prior_sess_mid,NY_AM,90,SESS_END,ALL,Validation,773,0.48124191461837,-0.5009702457956016
prior_sess_mid,NY_AM,90,SESS_END,ALL,OOS,412,0.5461165048543689,4.290048543689321
prior_sess_mid,NY_AM,90,SESS_END,HIGH,IS,813,0.4932349323493235,1.1359163591635917
prior_sess_mid,NY_AM,90,SESS_END,HIGH,Validation,249,0.4979919678714859,2.1626506024096384
prior_sess_mid,NY_AM,90,SESS_END,HIGH,OOS,135,0.5777777777777777,9.212962962962964
prior_sess_mid,ASIA,30,H240,ALL,IS,1980,0.5060606060606061,-0.07992424242424243
prior_sess_mid,ASIA,30,H240,ALL,Validation,772,0.5025906735751295,1.2114637305699483
prior_sess_mid,ASIA,30,H240,ALL,OOS,409,0.5354523227383863,3.5806845965770173
prior_sess_mid,ASIA,30,H240,HIGH,IS,701,0.5049928673323824,-0.9843081312410842
prior_sess_mid,ASIA,30,H240,HIGH,Validation,206,0.529126213592233,-0.5934466019417476
prior_sess_mid,ASIA,30,H240,HIGH,OOS,221,0.5429864253393665,1.579185520361991
prior_sess_mid,ASIA,30,SESS_END,ALL,IS,2102,0.4838249286393911,-0.4069933396764986
prior_sess_mid,ASIA,30,SESS_END,ALL,Validation,772,0.5233160621761658,2.239637305699482
prior_sess_mid,ASIA,30,SESS_END,ALL,OOS,410,0.5487804878048781,10.473170731707317
prior_sess_mid,ASIA,30,SESS_END,HIGH,IS,716,0.48743016759776536,-1.3243715083798884
prior_sess_mid,ASIA,30,SESS_END,HIGH,Validation,206,0.5533980582524272,5.533980582524272
prior_sess_mid,ASIA,30,SESS_END,HIGH,OOS,222,0.5405405405405406,5.711711711711712
prior_sess_mid,ASIA,60,H240,ALL,IS,1868,0.5058886509635975,0.39387044967880086
prior_sess_mid,ASIA,60,H240,ALL,Validation,769,0.5032509752925878,2.0442132639791937
prior_sess_mid,ASIA,60,H240,ALL,OOS,411,0.51338199513382,1.405109489051095
prior_sess_mid,ASIA,60,H240,HIGH,IS,646,0.47213622291021673,-1.2894736842105263
prior_sess_mid,ASIA,60,H240,HIGH,Validation,183,0.5027322404371585,-1.7486338797814207
prior_sess_mid,ASIA,60,H240,HIGH,OOS,206,0.5097087378640777,1.2099514563106797
prior_sess_mid,ASIA,60,SESS_END,ALL,IS,1999,0.4917458729364682,-0.0316408204102051
prior_sess_mid,ASIA,60,SESS_END,ALL,Validation,769,0.517555266579974,2.2990897269180754
prior_sess_mid,ASIA,60,SESS_END,ALL,OOS,412,0.5509708737864077,8.714199029126213
prior_sess_mid,ASIA,60,SESS_END,HIGH,IS,676,0.46005917159763315,-1.5562130177514792
prior_sess_mid,ASIA,60,SESS_END,HIGH,Validation,183,0.5573770491803278,4.396174863387978
prior_sess_mid,ASIA,60,SESS_END,HIGH,OOS,207,0.5458937198067633,8.833333333333334
prior_sess_mid,ASIA,90,H240,ALL,IS,1710,0.512280701754386,0.15760233918128655
prior_sess_mid,ASIA,90,H240,ALL,Validation,773,0.47089262613195343,-0.24320827943078913
prior_sess_mid,ASIA,90,H240,ALL,OOS,410,0.4951219512195122,-5.088414634146342
prior_sess_mid,ASIA,90,H240,HIGH,IS,585,0.4666666666666667,-2.141025641025641
prior_sess_mid,ASIA,90,H240,HIGH,Validation,171,0.5146198830409356,0.45760233918128657
prior_sess_mid,ASIA,90,H240,HIGH,OOS,200,0.485,-7.515
prior_sess_mid,ASIA,90,SESS_END,ALL,IS,1820,0.4912087912087912,-0.6173076923076923
prior_sess_mid,ASIA,90,SESS_END,ALL,Validation,773,0.49417852522639066,-0.7095730918499353
prior_sess_mid,ASIA,90,SESS_END,ALL,OOS,411,0.5255474452554745,3.411192214111922
prior_sess_mid,ASIA,90,SESS_END,HIGH,IS,602,0.45514950166112955,-3.145348837209302
prior_sess_mid,ASIA,90,SESS_END,HIGH,Validation,171,0.5146198830409356,3.568713450292398
prior_sess_mid,ASIA,90,SESS_END,HIGH,OOS,201,0.4975124378109453,-0.5883084577114428
prior_sess_mid,ASIA,120,H240,ALL,IS,2141,0.5011676786548341,-0.11011209715086408
prior_sess_mid,ASIA,120,H240,ALL,Validation,771,0.47470817120622566,-1.6507782101167314
prior_sess_mid,ASIA,120,H240,ALL,OOS,410,0.5024390243902439,-1.8896341463414634
prior_sess_mid,ASIA,120,H240,HIGH,IS,728,0.46016483516483514,-3.169642857142857
prior_sess_mid,ASIA,120,H240,HIGH,Validation,171,0.4093567251461988,-5.39766081871345
prior_sess_mid,ASIA,120,H240,HIGH,OOS,193,0.49222797927461137,-4.205958549222798
prior_sess_mid,ASIA,120,SESS_END,ALL,IS,2227,0.4984283789851819,-0.4849573417153121
prior_sess_mid,ASIA,120,SESS_END,ALL,Validation,771,0.48638132295719844,-2.2120622568093387
prior_sess_mid,ASIA,120,SESS_END,ALL,OOS,411,0.5401459854014599,8.751216545012165
prior_sess_mid,ASIA,120,SESS_END,HIGH,IS,754,0.46021220159151194,-3.794098143236074
prior_sess_mid,ASIA,120,SESS_END,HIGH,Validation,171,0.4678362573099415,-1.8289473684210527
prior_sess_mid,ASIA,120,SESS_END,HIGH,OOS,194,0.5412371134020618,8.68298969072165
prior_sess_mid,ASIA,180,H240,ALL,IS,2022,0.503461918892186,0.32010385756676557
prior_sess_mid,ASIA,180,H240,ALL,Validation,772,0.4805699481865285,-0.04922279792746114
prior_sess_mid,ASIA,180,H240,ALL,OOS,410,0.5024390243902439,0.6439024390243903
prior_sess_mid,ASIA,180,H240,HIGH,IS,696,0.514367816091954,1.0032327586206897
prior_sess_mid,ASIA,180,H240,HIGH,Validation,168,0.5,4.830357142857143
prior_sess_mid,ASIA,180,H240,HIGH,OOS,198,0.5353535353535354,-1.6717171717171717
prior_sess_mid,ASIA,180,SESS_END,ALL,IS,2095,0.483054892601432,0.19785202863961815
prior_sess_mid,ASIA,180,SESS_END,ALL,Validation,772,0.48186528497409326,-0.23089378238341968
prior_sess_mid,ASIA,180,SESS_END,ALL,OOS,411,0.51338199513382,1.8461070559610706
prior_sess_mid,ASIA,180,SESS_END,HIGH,IS,713,0.4628330995792426,1.6157082748948106
prior_sess_mid,ASIA,180,SESS_END,HIGH,Validation,168,0.5178571428571429,7.4523809523809526
prior_sess_mid,ASIA,180,SESS_END,HIGH,OOS,199,0.5175879396984925,-5.204773869346734
sess_open_follow,LONDON,30,H240,ALL,IS,2363,0.47566652560304695,-0.41842996191282267
sess_open_follow,LONDON,30,H240,ALL,Validation,771,0.47341115434500647,-3.5009727626459144
sess_open_follow,LONDON,30,H240,ALL,OOS,411,0.46715328467153283,-7.835766423357664
sess_open_follow,LONDON,30,H240,HIGH,IS,808,0.4900990099009901,-0.03403465346534654
sess_open_follow,LONDON,30,H240,HIGH,Validation,324,0.4351851851851852,-7.339506172839506
sess_open_follow,LONDON,30,H240,HIGH,OOS,67,0.40298507462686567,-22.507462686567163
sess_open_follow,LONDON,30,SESS_END,ALL,IS,2364,0.48646362098138746,-0.28109137055837563
sess_open_follow,LONDON,30,SESS_END,ALL,Validation,771,0.4578469520103761,-4.584306095979247
sess_open_follow,LONDON,30,SESS_END,ALL,OOS,411,0.5182481751824818,-1.0237226277372262
sess_open_follow,LONDON,30,SESS_END,HIGH,IS,808,0.46410891089108913,0.002165841584158416
sess_open_follow,LONDON,30,SESS_END,HIGH,Validation,324,0.4228395061728395,-8.963734567901234
sess_open_follow,LONDON,30,SESS_END,HIGH,OOS,67,0.5223880597014925,1.671641791044776
sess_open_follow,LONDON,60,H240,ALL,IS,2366,0.47590870667793744,-0.06339814032121724
sess_open_follow,LONDON,60,H240,ALL,Validation,774,0.46382428940568476,-1.7877906976744187
sess_open_follow,LONDON,60,H240,ALL,OOS,412,0.5048543689320388,2.879854368932039
sess_open_follow,LONDON,60,H240,HIGH,IS,815,0.4662576687116564,-0.9171779141104295
sess_open_follow,LONDON,60,H240,HIGH,Validation,316,0.43037974683544306,-4.535601265822785
sess_open_follow,LONDON,60,H240,HIGH,OOS,72,0.5555555555555556,-6.590277777777778
sess_open_follow,LONDON,60,SESS_END,ALL,IS,2371,0.49557148882328134,0.09057359763812738
sess_open_follow,LONDON,60,SESS_END,ALL,Validation,774,0.4883720930232558,-1.1159560723514212
sess_open_follow,LONDON,60,SESS_END,ALL,OOS,412,0.5048543689320388,8.358009708737864
sess_open_follow,LONDON,60,SESS_END,HIGH,IS,816,0.46200980392156865,-0.7683823529411765
sess_open_follow,LONDON,60,SESS_END,HIGH,Validation,316,0.4588607594936709,-3.0625
sess_open_follow,LONDON,60,SESS_END,HIGH,OOS,72,0.5277777777777778,15.51388888888889
sess_open_follow,LONDON,90,H240,ALL,IS,2374,0.4772535804549284,-0.5187447346251053
sess_open_follow,LONDON,90,H240,ALL,Validation,773,0.4851228978007762,-1.257438551099612
sess_open_follow,LONDON,90,H240,ALL,OOS,413,0.48668280871670705,-1.1803874092009685
sess_open_follow,LONDON,90,H240,HIGH,IS,813,0.45510455104551045,-1.5089175891758917
sess_open_follow,LONDON,90,H240,HIGH,Validation,331,0.43202416918429004,-4.468277945619335
sess_open_follow,LONDON,90,H240,HIGH,OOS,89,0.4943820224719101,-5.297752808988764
sess_open_follow,LONDON,90,SESS_END,ALL,IS,2384,0.4861577181208054,-0.6135696308724832
sess_open_follow,LONDON,90,SESS_END,ALL,Validation,773,0.49935316946959896,0.5659767141009056
sess_open_follow,LONDON,90,SESS_END,ALL,OOS,413,0.46973365617433416,-1.5962469733656175
sess_open_follow,LONDON,90,SESS_END,HIGH,IS,815,0.45766871165644174,-0.6677914110429448
sess_open_follow,LONDON,90,SESS_END,HIGH,Validation,331,0.459214501510574,-2.901812688821752
sess_open_follow,LONDON,90,SESS_END,HIGH,OOS,89,0.48314606741573035,7.148876404494382
sess_open_follow,LONDON,120,H240,ALL,IS,2356,0.4626485568760611,-1.0475382003395586
sess_open_follow,LONDON,120,H240,ALL,Validation,773,0.48641655886157825,0.4831824062095731
sess_open_follow,LONDON,120,H240,ALL,OOS,412,0.46601941747572817,1.7985436893203883
sess_open_follow,LONDON,120,H240,HIGH,IS,806,0.4317617866004963,-2.1215880893300247
sess_open_follow,LONDON,120,H240,HIGH,Validation,344,0.4563953488372093,-3.29796511627907
sess_open_follow,LONDON,120,H240,HIGH,OOS,90,0.4222222222222222,5.772222222222222
sess_open_follow,LONDON,120,SESS_END,ALL,IS,2374,0.474726200505476,-0.7484203875315922
sess_open_follow,LONDON,120,SESS_END,ALL,Validation,773,0.49159120310478654,-0.012613195342820181
sess_open_follow,LONDON,120,SESS_END,ALL,OOS,412,0.4733009708737864,0.35133495145631066
sess_open_follow,LONDON,120,SESS_END,HIGH,IS,809,0.44746600741656367,-1.273794808405439
sess_open_follow,LONDON,120,SESS_END,HIGH,Validation,344,0.4738372093023256,-2.5486918604651163
sess_open_follow,LONDON,120,SESS_END,HIGH,OOS,90,0.4777777777777778,7.302777777777778
sess_open_follow,NY_PM,30,SESS_END,ALL,IS,2368,0.5050675675675675,1.0584881756756757
sess_open_follow,NY_PM,30,SESS_END,ALL,Validation,771,0.490272373540856,-5.590142671854734
sess_open_follow,NY_PM,30,SESS_END,ALL,OOS,412,0.5266990291262136,4.180218446601942
sess_open_follow,NY_PM,30,SESS_END,HIGH,IS,821,0.5115712545676004,1.0179658952496955
sess_open_follow,NY_PM,30,SESS_END,HIGH,Validation,283,0.45936395759717313,-8.989399293286219
sess_open_follow,NY_PM,30,SESS_END,HIGH,OOS,138,0.5144927536231884,20.77536231884058
sess_open_follow,NY_PM,60,SESS_END,ALL,IS,2320,0.5163793103448275,0.8685344827586207
sess_open_follow,NY_PM,60,SESS_END,ALL,Validation,750,0.492,-2.4356666666666666
sess_open_follow,NY_PM,60,SESS_END,ALL,OOS,400,0.505,3.82125
sess_open_follow,NY_PM,60,SESS_END,HIGH,IS,798,0.5325814536340853,1.4702380952380953
sess_open_follow,NY_PM,60,SESS_END,HIGH,Validation,298,0.4865771812080537,-3.3078859060402683
sess_open_follow,NY_PM,60,SESS_END,HIGH,OOS,143,0.5314685314685315,15.195804195804195
sess_open_follow,NY_PM,90,SESS_END,ALL,IS,2315,0.5118790496760259,0.5200863930885529
sess_open_follow,NY_PM,90,SESS_END,ALL,Validation,745,0.49798657718120803,1.8281879194630872
sess_open_follow,NY_PM,90,SESS_END,ALL,OOS,396,0.49242424242424243,0.8806818181818182
sess_open_follow,NY_PM,90,SESS_END,HIGH,IS,792,0.5303030303030303,2.6306818181818183
sess_open_follow,NY_PM,90,SESS_END,HIGH,Validation,294,0.5136054421768708,4.944727891156463
sess_open_follow,NY_PM,90,SESS_END,HIGH,OOS,142,0.5352112676056338,9.628521126760564
sess_open_follow,NY_PM,120,SESS_END,ALL,IS,2318,0.4926660914581536,-0.7506471095772217
sess_open_follow,NY_PM,120,SESS_END,ALL,Validation,746,0.5053619302949062,0.471514745308311
sess_open_follow,NY_PM,120,SESS_END,ALL,OOS,397,0.473551637279597,-1.765743073047859
sess_open_follow,NY_PM,120,SESS_END,HIGH,IS,792,0.5037878787878788,1.1404671717171717
sess_open_follow,NY_PM,120,SESS_END,HIGH,Validation,297,0.5050505050505051,3.521885521885522
sess_open_follow,NY_PM,120,SESS_END,HIGH,OOS,137,0.4744525547445255,-6.635036496350365
sess_open_follow,NY_AM,30,SESS_END,ALL,IS,2393,0.5156707062264939,1.0667572085248642
sess_open_follow,NY_AM,30,SESS_END,ALL,Validation,774,0.5103359173126615,4.465439276485788
sess_open_follow,NY_AM,30,SESS_END,ALL,OOS,412,0.5,-3.807645631067961
sess_open_follow,NY_AM,30,SESS_END,HIGH,IS,814,0.4877149877149877,0.2785626535626536
sess_open_follow,NY_AM,30,SESS_END,HIGH,Validation,214,0.4953271028037383,2.6764018691588785
sess_open_follow,NY_AM,30,SESS_END,HIGH,OOS,149,0.5906040268456376,27.394295302013422
sess_open_follow,NY_AM,60,SESS_END,ALL,IS,2401,0.4943773427738442,-0.24521032902957102
sess_open_follow,NY_AM,60,SESS_END,ALL,Validation,774,0.5387596899224806,5.680555555555555
sess_open_follow,NY_AM,60,SESS_END,ALL,OOS,412,0.5315533980582524,1.3100728155339805
sess_open_follow,NY_AM,60,SESS_END,HIGH,IS,818,0.4889975550122249,-0.6372249388753056
sess_open_follow,NY_AM,60,SESS_END,HIGH,Validation,240,0.5416666666666666,4.195833333333334
sess_open_follow,NY_AM,60,SESS_END,HIGH,OOS,153,0.6143790849673203,21.29901960784314
sess_open_follow,NY_AM,90,SESS_END,ALL,IS,2409,0.5093399750933998,0.709838107098381
sess_open_follow,NY_AM,90,SESS_END,ALL,Validation,772,0.47668393782383417,2.2898316062176165
sess_open_follow,NY_AM,90,SESS_END,ALL,OOS,412,0.5509708737864077,3.4259708737864076
sess_open_follow,NY_AM,90,SESS_END,HIGH,IS,818,0.5,1.0299511002444988
sess_open_follow,NY_AM,90,SESS_END,HIGH,Validation,249,0.4939759036144578,3.0100401606425704
sess_open_follow,NY_AM,90,SESS_END,HIGH,OOS,135,0.562962962962963,6.5055555555555555
sess_open_follow,ASIA,30,H240,ALL,IS,1962,0.4892966360856269,-1.1317533129459736
sess_open_follow,ASIA,30,H240,ALL,Validation,771,0.5304798962386511,1.504863813229572
sess_open_follow,ASIA,30,H240,ALL,OOS,409,0.5427872860635696,7.741442542787286
sess_open_follow,ASIA,30,H240,HIGH,IS,703,0.46799431009957326,-1.4054054054054055
sess_open_follow,ASIA,30,H240,HIGH,Validation,207,0.5410628019323671,-1.6400966183574879
sess_open_follow,ASIA,30,H240,HIGH,OOS,223,0.5336322869955157,15.580717488789238
sess_open_follow,ASIA,30,SESS_END,ALL,IS,2071,0.47223563495895704,-0.9425398358281024
sess_open_follow,ASIA,30,SESS_END,ALL,Validation,771,0.5330739299610895,3.931582360570687
sess_open_follow,ASIA,30,SESS_END,ALL,OOS,410,0.5439024390243903,10.179268292682927
sess_open_follow,ASIA,30,SESS_END,HIGH,IS,718,0.44846796657381616,-2.018105849582173
sess_open_follow,ASIA,30,SESS_END,HIGH,Validation,207,0.5314009661835749,3.5
sess_open_follow,ASIA,30,SESS_END,HIGH,OOS,224,0.5401785714285714,17.168526785714285
sess_open_follow,ASIA,60,H240,ALL,IS,1840,0.4782608695652174,-1.1688858695652173
sess_open_follow,ASIA,60,H240,ALL,Validation,772,0.538860103626943,2.689443005181347
sess_open_follow,ASIA,60,H240,ALL,OOS,410,0.5609756097560976,8.783536585365853
sess_open_follow,ASIA,60,H240,HIGH,IS,640,0.4546875,-2.99453125
sess_open_follow,ASIA,60,H240,HIGH,Validation,183,0.5245901639344263,2.408469945355191
sess_open_follow,ASIA,60,H240,HIGH,OOS,205,0.5365853658536586,11.446341463414635
sess_open_follow,ASIA,60,SESS_END,ALL,IS,1965,0.4676844783715013,-1.6465648854961832
sess_open_follow,ASIA,60,SESS_END,ALL,Validation,772,0.522020725388601,5.051165803108808
sess_open_follow,ASIA,60,SESS_END,ALL,OOS,411,0.5255474452554745,8.181873479318735
sess_open_follow,ASIA,60,SESS_END,HIGH,IS,668,0.4565868263473054,-3.12125748502994
sess_open_follow,ASIA,60,SESS_END,HIGH,Validation,183,0.4918032786885246,7.7636612021857925
sess_open_follow,ASIA,60,SESS_END,HIGH,OOS,206,0.5145631067961165,11.618932038834952
sess_open_follow,ASIA,90,H240,ALL,IS,1706,0.47596717467760846,-1.3303048065650644
sess_open_follow,ASIA,90,H240,ALL,Validation,770,0.5324675324675324,3.4996753246753247
sess_open_follow,ASIA,90,H240,ALL,OOS,409,0.5207823960880196,-1.4437652811735942
sess_open_follow,ASIA,90,H240,HIGH,IS,590,0.4423728813559322,-2.2440677966101696
sess_open_follow,ASIA,90,H240,HIGH,Validation,171,0.5730994152046783,3.5921052631578947
sess_open_follow,ASIA,90,H240,HIGH,OOS,201,0.5174129353233831,-1.6455223880597014
sess_open_follow,ASIA,90,SESS_END,ALL,IS,1811,0.484815019326339,-0.785753727222529
sess_open_follow,ASIA,90,SESS_END,ALL,Validation,770,0.5038961038961038,3.3743506493506494
sess_open_follow,ASIA,90,SESS_END,ALL,OOS,410,0.5170731707317073,0.6323170731707317
sess_open_follow,ASIA,90,SESS_END,HIGH,IS,606,0.43564356435643564,-2.5354785478547854
sess_open_follow,ASIA,90,SESS_END,HIGH,Validation,171,0.49122807017543857,5.752923976608187
sess_open_follow,ASIA,90,SESS_END,HIGH,OOS,202,0.4801980198019802,0.027227722772277228
sess_open_follow,ASIA,120,H240,ALL,IS,2108,0.47580645161290325,-1.3936195445920303
sess_open_follow,ASIA,120,H240,ALL,Validation,772,0.5155440414507773,3.179080310880829
sess_open_follow,ASIA,120,H240,ALL,OOS,408,0.5245098039215687,-2.15625
sess_open_follow,ASIA,120,H240,HIGH,IS,731,0.46238030095759236,-2.1176470588235294
sess_open_follow,ASIA,120,H240,HIGH,Validation,173,0.4913294797687861,-0.43786127167630057
sess_open_follow,ASIA,120,H240,HIGH,OOS,193,0.46632124352331605,-11.374352331606218
sess_open_follow,ASIA,120,SESS_END,ALL,IS,2191,0.48790506617982654,-0.7558192606115929
sess_open_follow,ASIA,120,SESS_END,ALL,Validation,772,0.4948186528497409,2.540479274611399
sess_open_follow,ASIA,120,SESS_END,ALL,OOS,409,0.5158924205378973,3.490831295843521
sess_open_follow,ASIA,120,SESS_END,HIGH,IS,757,0.4702774108322325,-1.7582562747688244
sess_open_follow,ASIA,120,SESS_END,HIGH,Validation,173,0.4624277456647399,2.5534682080924855
sess_open_follow,ASIA,120,SESS_END,HIGH,OOS,194,0.4845360824742268,-3.9742268041237114
sess_open_follow,ASIA,180,H240,ALL,IS,2007,0.4808171400099651,-0.1732685600398605
sess_open_follow,ASIA,180,H240,ALL,Validation,771,0.46433203631647213,-0.19617380025940337
sess_open_follow,ASIA,180,H240,ALL,OOS,411,0.5352798053527981,2.8527980535279807
sess_open_follow,ASIA,180,H240,HIGH,IS,697,0.49928263988522237,0.9730989956958394
sess_open_follow,ASIA,180,H240,HIGH,Validation,169,0.514792899408284,5.014792899408284
sess_open_follow,ASIA,180,H240,HIGH,OOS,198,0.5656565656565656,4.542929292929293
sess_open_follow,ASIA,180,SESS_END,ALL,IS,2079,0.4843674843674844,0.814935064935065
sess_open_follow,ASIA,180,SESS_END,ALL,Validation,771,0.46303501945525294,-1.105058365758755
sess_open_follow,ASIA,180,SESS_END,ALL,OOS,412,0.5703883495145631,2.904733009708738
sess_open_follow,ASIA,180,SESS_END,HIGH,IS,714,0.46638655462184875,1.3280812324929971
sess_open_follow,ASIA,180,SESS_END,HIGH,Validation,169,0.48520710059171596,5.254437869822485
sess_open_follow,ASIA,180,SESS_END,HIGH,OOS,199,0.5678391959798995,2.96356783919598
vwap_follow,LONDON,30,H240,ALL,IS,2241,0.48772869254796963,0.5618027666220438
vwap_follow,LONDON,30,H240,ALL,Validation,763,0.45871559633027525,-3.977719528178244
vwap_follow,LONDON,30,H240,ALL,OOS,407,0.4864864864864865,-5.657862407862408
vwap_follow,LONDON,30,H240,HIGH,IS,786,0.5,0.4780534351145038
vwap_follow,LONDON,30,H240,HIGH,Validation,318,0.4308176100628931,-8.124213836477987
vwap_follow,LONDON,30,H240,HIGH,OOS,67,0.417910447761194,-25.932835820895523
vwap_follow,LONDON,30,SESS_END,ALL,IS,2242,0.49018733273862625,0.3225914362176628
vwap_follow,LONDON,30,SESS_END,ALL,Validation,763,0.4508519003931848,-5.16480996068152
vwap_follow,LONDON,30,SESS_END,ALL,OOS,407,0.4963144963144963,-1.96990171990172
vwap_follow,LONDON,30,SESS_END,HIGH,IS,786,0.4669211195928753,-0.2748091603053435
vwap_follow,LONDON,30,SESS_END,HIGH,Validation,318,0.4276729559748428,-8.010220125786164
vwap_follow,LONDON,30,SESS_END,HIGH,OOS,67,0.47761194029850745,-14.805970149253731
vwap_follow,LONDON,60,H240,ALL,IS,2264,0.49425795053003535,0.2859982332155477
vwap_follow,LONDON,60,H240,ALL,Validation,759,0.4769433465085639,-0.8649538866930171
vwap_follow,LONDON,60,H240,ALL,OOS,407,0.49385749385749383,-0.2665847665847666
vwap_follow,LONDON,60,H240,HIGH,IS,788,0.49111675126903553,-0.3686548223350254
vwap_follow,LONDON,60,H240,HIGH,Validation,310,0.4483870967741935,-5.832258064516129
vwap_follow,LONDON,60,H240,HIGH,OOS,71,0.5211267605633803,-10.21830985915493
vwap_follow,LONDON,60,SESS_END,ALL,IS,2267,0.4993383325981473,0.6149095721217468
vwap_follow,LONDON,60,SESS_END,ALL,Validation,759,0.4795783926218709,-1.9634387351778657
vwap_follow,LONDON,60,SESS_END,ALL,OOS,407,0.48894348894348894,3.802211302211302
vwap_follow,LONDON,60,SESS_END,HIGH,IS,788,0.4733502538071066,-0.05520304568527919
vwap_follow,LONDON,60,SESS_END,HIGH,Validation,310,0.43870967741935485,-7.805645161290323
vwap_follow,LONDON,60,SESS_END,HIGH,OOS,71,0.5070422535211268,11.971830985915492
vwap_follow,LONDON,90,H240,ALL,IS,2264,0.4708480565371025,-1.2255962897526502
vwap_follow,LONDON,90,H240,ALL,Validation,767,0.4876140808344198,-1.7646675358539765
vwap_follow,LONDON,90,H240,ALL,OOS,411,0.48175182481751827,-4.017031630170316
vwap_follow,LONDON,90,H240,HIGH,IS,792,0.45202020202020204,-1.7758838383838385
vwap_follow,LONDON,90,H240,HIGH,Validation,325,0.4523076923076923,-6.076153846153846
vwap_follow,LONDON,90,H240,HIGH,OOS,89,0.4606741573033708,-3.3707865168539324
vwap_follow,LONDON,90,SESS_END,ALL,IS,2272,0.4788732394366197,-1.7485695422535212
vwap_follow,LONDON,90,SESS_END,ALL,Validation,767,0.4876140808344198,-0.01075619295958279
vwap_follow,LONDON,90,SESS_END,ALL,OOS,411,0.4768856447688564,-4.416058394160584
vwap_follow,LONDON,90,SESS_END,HIGH,IS,794,0.44962216624685136,-1.975125944584383
vwap_follow,LONDON,90,SESS_END,HIGH,Validation,325,0.4707692307692308,-4.256923076923077
vwap_follow,LONDON,90,SESS_END,HIGH,OOS,89,0.5056179775280899,6.058988764044944
vwap_follow,LONDON,120,H240,ALL,IS,2287,0.4674245736773065,-0.9423917796239615
vwap_follow,LONDON,120,H240,ALL,Validation,767,0.5032594524119948,2.1085397653194264
vwap_follow,LONDON,120,H240,ALL,OOS,412,0.45145631067961167,1.4660194174757282
vwap_follow,LONDON,120,H240,HIGH,IS,792,0.4494949494949495,-2.0069444444444446
vwap_follow,LONDON,120,H240,HIGH,Validation,341,0.49853372434017595,0.6957478005865103
vwap_follow,LONDON,120,H240,HIGH,OOS,89,0.4606741573033708,1.0224719101123596
vwap_follow,LONDON,120,SESS_END,ALL,IS,2304,0.4756944444444444,-0.9523654513888888
vwap_follow,LONDON,120,SESS_END,ALL,Validation,767,0.5019556714471969,2.6861147327249024
vwap_follow,LONDON,120,SESS_END,ALL,OOS,412,0.470873786407767,-0.9150485436893204
vwap_follow,LONDON,120,SESS_END,HIGH,IS,795,0.4641509433962264,-1.5248427672955975
vwap_follow,LONDON,120,SESS_END,HIGH,Validation,341,0.5043988269794721,1.3643695014662756
vwap_follow,LONDON,120,SESS_END,HIGH,OOS,89,0.5280898876404494,1.7724719101123596
vwap_follow,NY_PM,30,SESS_END,ALL,IS,2278,0.5171202809482002,1.7497805092186127
vwap_follow,NY_PM,30,SESS_END,ALL,Validation,771,0.49546044098573283,-7.416018158236057
vwap_follow,NY_PM,30,SESS_END,ALL,OOS,410,0.47560975609756095,-2.8121951219512193
vwap_follow,NY_PM,30,SESS_END,HIGH,IS,797,0.5395232120451694,2.0486198243412796
vwap_follow,NY_PM,30,SESS_END,HIGH,Validation,284,0.47183098591549294,-13.272007042253522
vwap_follow,NY_PM,30,SESS_END,HIGH,OOS,138,0.463768115942029,15.63768115942029
vwap_follow,NY_PM,60,SESS_END,ALL,IS,2236,0.5125223613595706,0.7701252236135957
vwap_follow,NY_PM,60,SESS_END,ALL,Validation,742,0.5161725067385444,0.7961590296495957
vwap_follow,NY_PM,60,SESS_END,ALL,OOS,400,0.51,9.65875
vwap_follow,NY_PM,60,SESS_END,HIGH,IS,777,0.5405405405405406,3.2824967824967826
vwap_follow,NY_PM,60,SESS_END,HIGH,Validation,296,0.5337837837837838,1.8488175675675675
vwap_follow,NY_PM,60,SESS_END,HIGH,OOS,143,0.5524475524475524,25.185314685314687
vwap_follow,NY_PM,90,SESS_END,ALL,IS,2261,0.5117204776647502,0.546329057938965
vwap_follow,NY_PM,90,SESS_END,ALL,Validation,739,0.5358592692828146,9.468200270635995
vwap_follow,NY_PM,90,SESS_END,ALL,OOS,394,0.4720812182741117,-1.1288071065989849
vwap_follow,NY_PM,90,SESS_END,HIGH,IS,782,0.530690537084399,0.7931585677749361
vwap_follow,NY_PM,90,SESS_END,HIGH,Validation,294,0.54421768707483,8.818027210884354
vwap_follow,NY_PM,90,SESS_END,HIGH,OOS,141,0.5319148936170213,13.76595744680851
vwap_follow,NY_PM,120,SESS_END,ALL,IS,2275,0.4940659340659341,-0.5835164835164836
vwap_follow,NY_PM,120,SESS_END,ALL,Validation,743,0.5248990578734859,5.319986541049798
vwap_follow,NY_PM,120,SESS_END,ALL,OOS,397,0.4811083123425693,1.269521410579345
vwap_follow,NY_PM,120,SESS_END,HIGH,IS,778,0.4948586118251928,0.2541773778920309
vwap_follow,NY_PM,120,SESS_END,HIGH,Validation,297,0.5454545454545454,5.769360269360269
vwap_follow,NY_PM,120,SESS_END,HIGH,OOS,137,0.46715328467153283,-7.547445255474453
vwap_follow,NY_AM,30,SESS_END,ALL,IS,2354,0.5012744265080714,0.45592608326253187
vwap_follow,NY_AM,30,SESS_END,ALL,Validation,772,0.5233160621761658,6.198186528497409
vwap_follow,NY_AM,30,SESS_END,ALL,OOS,412,0.5048543689320388,-7.209344660194175
vwap_follow,NY_AM,30,SESS_END,HIGH,IS,810,0.4839506172839506,1.6537037037037037
vwap_follow,NY_AM,30,SESS_END,HIGH,Validation,213,0.5070422535211268,2.016431924882629
vwap_follow,NY_AM,30,SESS_END,HIGH,OOS,149,0.5436241610738255,11.592281879194632
vwap_follow,NY_AM,60,SESS_END,ALL,IS,2366,0.5084530853761623,0.20583262890955198
vwap_follow,NY_AM,60,SESS_END,ALL,Validation,774,0.5090439276485789,3.226421188630491
vwap_follow,NY_AM,60,SESS_END,ALL,OOS,412,0.5266990291262136,2.64623786407767
vwap_follow,NY_AM,60,SESS_END,HIGH,IS,806,0.5186104218362283,1.245347394540943
vwap_follow,NY_AM,60,SESS_END,HIGH,Validation,240,0.5,1.1
vwap_follow,NY_AM,60,SESS_END,HIGH,OOS,153,0.5816993464052288,19.031045751633986
vwap_follow,NY_AM,90,SESS_END,ALL,IS,2372,0.5042158516020236,0.5575463743676222
vwap_follow,NY_AM,90,SESS_END,ALL,Validation,773,0.49805950840879687,4.495148771021992
vwap_follow,NY_AM,90,SESS_END,ALL,OOS,410,0.524390243902439,4.78170731707317
vwap_follow,NY_AM,90,SESS_END,HIGH,IS,808,0.49133663366336633,1.1333539603960396
vwap_follow,NY_AM,90,SESS_END,HIGH,Validation,248,0.5201612903225806,5.514112903225806
vwap_follow,NY_AM,90,SESS_END,HIGH,OOS,135,0.562962962962963,12.672222222222222
vwap_follow,ASIA,30,H240,ALL,IS,1789,0.4835103409726104,-0.6004751257685857
vwap_follow,ASIA,30,H240,ALL,Validation,748,0.517379679144385,0.820855614973262
vwap_follow,ASIA,30,H240,ALL,OOS,408,0.5759803921568627,10.777573529411764
vwap_follow,ASIA,30,H240,HIGH,IS,663,0.4781297134238311,-0.721342383107089
vwap_follow,ASIA,30,H240,HIGH,Validation,203,0.49261083743842365,-1.0566502463054188
vwap_follow,ASIA,30,H240,HIGH,OOS,220,0.5545454545454546,17.248863636363637
vwap_follow,ASIA,30,SESS_END,ALL,IS,1885,0.48116710875331564,-0.22944297082228116
vwap_follow,ASIA,30,SESS_END,ALL,Validation,748,0.536096256684492,2.0802139037433154
vwap_follow,ASIA,30,SESS_END,ALL,OOS,409,0.5501222493887531,12.89119804400978
vwap_follow,ASIA,30,SESS_END,HIGH,IS,677,0.4623338257016248,-0.6358936484490398
vwap_follow,ASIA,30,SESS_END,HIGH,Validation,203,0.5615763546798029,4.120689655172414
vwap_follow,ASIA,30,SESS_END,HIGH,OOS,221,0.5520361990950227,19.357466063348415
vwap_follow,ASIA,60,H240,ALL,IS,1732,0.49653579676674364,-0.050663972286374134
vwap_follow,ASIA,60,H240,ALL,Validation,750,0.5053333333333333,-1.5116666666666667
vwap_follow,ASIA,60,H240,ALL,OOS,407,0.5110565110565111,-1.3507371007371007
vwap_follow,ASIA,60,H240,HIGH,IS,611,0.48117839607201307,-0.0797872340425532
vwap_follow,ASIA,60,H240,HIGH,Validation,181,0.5082872928176796,-0.7693370165745856
vwap_follow,ASIA,60,H240,HIGH,OOS,204,0.4852941176470588,-4.259803921568627
vwap_follow,ASIA,60,SESS_END,ALL,IS,1845,0.48184281842818427,-0.775609756097561
vwap_follow,ASIA,60,SESS_END,ALL,Validation,750,0.49733333333333335,-1.688
vwap_follow,ASIA,60,SESS_END,ALL,OOS,408,0.5049019607843137,-1.0287990196078431
vwap_follow,ASIA,60,SESS_END,HIGH,IS,637,0.45054945054945056,-0.9120879120879121
vwap_follow,ASIA,60,SESS_END,HIGH,Validation,181,0.5027624309392266,-1.341160220994475
vwap_follow,ASIA,60,SESS_END,HIGH,OOS,205,0.5024390243902439,0.10609756097560975
vwap_follow,ASIA,90,H240,ALL,IS,1623,0.4904497843499692,-0.5058533579790512
vwap_follow,ASIA,90,H240,ALL,Validation,747,0.4966532797858099,2.6318607764390896
vwap_follow,ASIA,90,H240,ALL,OOS,404,0.5173267326732673,-1.7673267326732673
vwap_follow,ASIA,90,H240,HIGH,IS,570,0.4824561403508772,0.7925438596491228
vwap_follow,ASIA,90,H240,HIGH,Validation,166,0.5481927710843374,9.233433734939759
vwap_follow,ASIA,90,H240,HIGH,OOS,201,0.4975124378109453,-0.5186567164179104
vwap_follow,ASIA,90,SESS_END,ALL,IS,1721,0.48285880302149914,-0.21455549099360838
vwap_follow,ASIA,90,SESS_END,ALL,Validation,747,0.5046854082998661,2.6174698795180724
vwap_follow,ASIA,90,SESS_END,ALL,OOS,405,0.5308641975308642,0.9962962962962963
vwap_follow,ASIA,90,SESS_END,HIGH,IS,587,0.45826235093696766,0.3313458262350937
vwap_follow,ASIA,90,SESS_END,HIGH,Validation,166,0.5421686746987951,11.721385542168674
vwap_follow,ASIA,90,SESS_END,HIGH,OOS,202,0.5297029702970297,6.554455445544554
vwap_follow,ASIA,120,H240,ALL,IS,2029,0.49778215869886644,-0.29546574667323805
vwap_follow,ASIA,120,H240,ALL,Validation,758,0.46437994722955145,-1.153693931398417
vwap_follow,ASIA,120,H240,ALL,OOS,409,0.5256723716381418,3.2426650366748166
vwap_follow,ASIA,120,H240,HIGH,IS,706,0.48158640226628896,-1.5244334277620397
vwap_follow,ASIA,120,H240,HIGH,Validation,172,0.43023255813953487,-0.7819767441860465
vwap_follow,ASIA,120,H240,HIGH,OOS,192,0.5416666666666666,5.434895833333333
vwap_follow,ASIA,120,SESS_END,ALL,IS,2109,0.5045045045045045,0.006756756756756757
vwap_follow,ASIA,120,SESS_END,ALL,Validation,758,0.48548812664907653,-0.41226912928759896
vwap_follow,ASIA,120,SESS_END,ALL,OOS,410,0.5048780487804878,4.746951219512195
vwap_follow,ASIA,120,SESS_END,HIGH,IS,730,0.4958904109589041,-0.6428082191780822
vwap_follow,ASIA,120,SESS_END,HIGH,Validation,172,0.4476744186046512,1.7674418604651163
vwap_follow,ASIA,120,SESS_END,HIGH,OOS,193,0.5181347150259067,8.712435233160623
vwap_follow,ASIA,180,H240,ALL,IS,1966,0.4908443540183113,0.07044760935910478
vwap_follow,ASIA,180,H240,ALL,Validation,767,0.46284224250325945,-0.7764015645371578
vwap_follow,ASIA,180,H240,ALL,OOS,408,0.5073529411764706,-3.8174019607843137
vwap_follow,ASIA,180,H240,HIGH,IS,688,0.5043604651162791,3.4226017441860463
vwap_follow,ASIA,180,H240,HIGH,Validation,167,0.5329341317365269,4.312874251497006
vwap_follow,ASIA,180,H240,HIGH,OOS,198,0.5454545454545454,-2.441919191919192
vwap_follow,ASIA,180,SESS_END,ALL,IS,2034,0.49262536873156343,0.8568092428711898
vwap_follow,ASIA,180,SESS_END,ALL,Validation,767,0.4706649282920469,-0.06681877444589308
vwap_follow,ASIA,180,SESS_END,ALL,OOS,409,0.5281173594132029,-7.390586797066015
vwap_follow,ASIA,180,SESS_END,HIGH,IS,704,0.48295454545454547,3.344460227272727
vwap_follow,ASIA,180,SESS_END,HIGH,Validation,167,0.5269461077844312,7.634730538922156
vwap_follow,ASIA,180,SESS_END,HIGH,OOS,199,0.5376884422110553,-9.375628140703517
mom15_follow,LONDON,30,H240,ALL,IS,2346,0.5059676044330775,1.162617220801364
mom15_follow,LONDON,30,H240,ALL,Validation,770,0.487012987012987,-0.37402597402597404
mom15_follow,LONDON,30,H240,ALL,OOS,408,0.47549019607843135,-2.707107843137255
mom15_follow,LONDON,30,H240,HIGH,IS,809,0.4956736711990111,0.44066749072929545
mom15_follow,LONDON,30,H240,HIGH,Validation,323,0.47678018575851394,-1.3877708978328174
mom15_follow,LONDON,30,H240,HIGH,OOS,67,0.373134328358209,-23.66417910447761
mom15_follow,LONDON,30,SESS_END,ALL,IS,2347,0.48828291435875587,0.44247976139752876
mom15_follow,LONDON,30,SESS_END,ALL,Validation,770,0.4662337662337662,-1.0805194805194804
mom15_follow,LONDON,30,SESS_END,ALL,OOS,408,0.49019607843137253,-0.24080882352941177
mom15_follow,LONDON,30,SESS_END,HIGH,IS,809,0.4573547589616811,-0.923053152039555
mom15_follow,LONDON,30,SESS_END,HIGH,Validation,323,0.4520123839009288,0.9775541795665634
mom15_follow,LONDON,30,SESS_END,HIGH,OOS,67,0.4626865671641791,-20.761194029850746
mom15_follow,LONDON,60,H240,ALL,IS,2319,0.5079775765416128,0.5347132384648555
mom15_follow,LONDON,60,H240,ALL,Validation,767,0.5228161668839635,3.101043024771838
mom15_follow,LONDON,60,H240,ALL,OOS,409,0.5036674816625917,3.349633251833741
mom15_follow,LONDON,60,H240,HIGH,IS,793,0.501891551071879,-0.26544766708701134
mom15_follow,LONDON,60,H240,HIGH,Validation,312,0.49038461538461536,-0.31810897435897434
mom15_follow,LONDON,60,H240,HIGH,OOS,72,0.5694444444444444,11.01388888888889
mom15_follow,LONDON,60,SESS_END,ALL,IS,2324,0.4978485370051635,0.9141566265060241
mom15_follow,LONDON,60,SESS_END,ALL,Validation,767,0.5071707953063885,4.146349413298566
mom15_follow,LONDON,60,SESS_END,ALL,OOS,409,0.4938875305623472,0.6185819070904646
mom15_follow,LONDON,60,SESS_END,HIGH,IS,794,0.4622166246851385,-0.7326826196473551
mom15_follow,LONDON,60,SESS_END,HIGH,Validation,312,0.46794871794871795,-1.6915064102564104
mom15_follow,LONDON,60,SESS_END,HIGH,OOS,72,0.5416666666666666,10.805555555555555
mom15_follow,LONDON,90,H240,ALL,IS,2303,0.46895353886235347,-0.46396005210594876
mom15_follow,LONDON,90,H240,ALL,Validation,772,0.4740932642487047,-4.712435233160622
mom15_follow,LONDON,90,H240,ALL,OOS,412,0.47815533980582525,-3.9235436893203883
mom15_follow,LONDON,90,H240,HIGH,IS,792,0.45202020202020204,-0.14488636363636365
mom15_follow,LONDON,90,H240,HIGH,Validation,330,0.47878787878787876,-1.934090909090909
mom15_follow,LONDON,90,H240,HIGH,OOS,89,0.5617977528089888,2.1235955056179776
mom15_follow,LONDON,90,SESS_END,ALL,IS,2311,0.4725227174383384,-0.6076373864128083
mom15_follow,LONDON,90,SESS_END,ALL,Validation,772,0.48704663212435234,-3.8798575129533677
mom15_follow,LONDON,90,SESS_END,ALL,OOS,412,0.4830097087378641,-2.5782766990291264
mom15_follow,LONDON,90,SESS_END,HIGH,IS,794,0.4508816120906801,-0.6394836272040302
mom15_follow,LONDON,90,SESS_END,HIGH,Validation,330,0.503030303030303,-3.408333333333333
mom15_follow,LONDON,90,SESS_END,HIGH,OOS,89,0.5617977528089888,8.429775280898877
mom15_follow,LONDON,120,H240,ALL,IS,2285,0.49409190371991246,-0.6399343544857768
mom15_follow,LONDON,120,H240,ALL,Validation,763,0.5072083879423329,-0.6448230668414154
mom15_follow,LONDON,120,H240,ALL,OOS,413,0.46731234866828086,-0.324455205811138
mom15_follow,LONDON,120,H240,HIGH,IS,778,0.4974293059125964,0.3647172236503856
mom15_follow,LONDON,120,H240,HIGH,Validation,339,0.5398230088495575,4.483038348082596
mom15_follow,LONDON,120,H240,HIGH,OOS,90,0.4444444444444444,-9.033333333333333
mom15_follow,LONDON,120,SESS_END,ALL,IS,2302,0.499131190269331,-0.33405734144222415
mom15_follow,LONDON,120,SESS_END,ALL,Validation,763,0.5045871559633027,-1.0078636959370904
mom15_follow,LONDON,120,SESS_END,ALL,OOS,413,0.48184019370460046,-0.5920096852300242
mom15_follow,LONDON,120,SESS_END,HIGH,IS,781,0.4980793854033291,0.35563380281690143
mom15_follow,LONDON,120,SESS_END,HIGH,Validation,339,0.5132743362831859,4.198377581120944
mom15_follow,LONDON,120,SESS_END,HIGH,OOS,90,0.5222222222222223,-4.025
mom15_follow,NY_PM,30,SESS_END,ALL,IS,2335,0.5164882226980728,2.1955032119914346
mom15_follow,NY_PM,30,SESS_END,ALL,Validation,772,0.4896373056994819,-4.2467616580310885
mom15_follow,NY_PM,30,SESS_END,ALL,OOS,409,0.4841075794621027,-9.587408312958436
mom15_follow,NY_PM,30,SESS_END,HIGH,IS,803,0.5367372353673724,2.4215442092154422
mom15_follow,NY_PM,30,SESS_END,HIGH,Validation,283,0.5053003533568905,-4.671378091872792
mom15_follow,NY_PM,30,SESS_END,HIGH,OOS,137,0.5109489051094891,-4.175182481751825
mom15_follow,NY_PM,60,SESS_END,ALL,IS,2285,0.5067833698030635,-0.637527352297593
mom15_follow,NY_PM,60,SESS_END,ALL,Validation,752,0.5172872340425532,2.252659574468085
mom15_follow,NY_PM,60,SESS_END,ALL,OOS,399,0.48872180451127817,0.014411027568922305
mom15_follow,NY_PM,60,SESS_END,HIGH,IS,789,0.514575411913815,0.2572877059569075
mom15_follow,NY_PM,60,SESS_END,HIGH,Validation,298,0.5469798657718121,6.777684563758389
mom15_follow,NY_PM,60,SESS_END,HIGH,OOS,143,0.4965034965034965,9.244755244755245
mom15_follow,NY_PM,90,SESS_END,ALL,IS,2291,0.4932343954604976,-0.13978611959842863
mom15_follow,NY_PM,90,SESS_END,ALL,Validation,744,0.5147849462365591,2.637768817204301
mom15_follow,NY_PM,90,SESS_END,ALL,OOS,395,0.5037974683544304,-5.05126582278481
mom15_follow,NY_PM,90,SESS_END,HIGH,IS,781,0.4827144686299616,-1.3569142125480154
mom15_follow,NY_PM,90,SESS_END,HIGH,Validation,294,0.5544217687074829,7.607993197278912
mom15_follow,NY_PM,90,SESS_END,HIGH,OOS,142,0.4859154929577465,-5.63556338028169
mom15_follow,NY_PM,120,SESS_END,ALL,IS,2280,0.4951754385964912,-0.20734649122807017
mom15_follow,NY_PM,120,SESS_END,ALL,Validation,743,0.49663526244952894,3.47678331090175
mom15_follow,NY_PM,120,SESS_END,ALL,OOS,397,0.45843828715365237,-9.967254408060453
mom15_follow,NY_PM,120,SESS_END,HIGH,IS,780,0.491025641025641,0.4532051282051282
mom15_follow,NY_PM,120,SESS_END,HIGH,Validation,295,0.5050847457627119,6.555084745762712
mom15_follow,NY_PM,120,SESS_END,HIGH,OOS,137,0.45255474452554745,-17.51824817518248
mom15_follow,NY_AM,30,SESS_END,ALL,IS,2382,0.5012594458438288,0.23121326616288834
mom15_follow,NY_AM,30,SESS_END,ALL,Validation,773,0.5045278137128072,4.166235446313066
mom15_follow,NY_AM,30,SESS_END,ALL,OOS,411,0.48905109489051096,-1.7001216545012166
mom15_follow,NY_AM,30,SESS_END,HIGH,IS,808,0.4876237623762376,2.2172029702970297
mom15_follow,NY_AM,30,SESS_END,HIGH,Validation,214,0.5046728971962616,-0.3282710280373832
mom15_follow,NY_AM,30,SESS_END,HIGH,OOS,149,0.5033557046979866,1.7835570469798658
mom15_follow,NY_AM,60,SESS_END,ALL,IS,2379,0.5031525851197982,0.19525010508617066
mom15_follow,NY_AM,60,SESS_END,ALL,Validation,771,0.4785992217898833,-1.9442282749675746
mom15_follow,NY_AM,60,SESS_END,ALL,OOS,411,0.49148418491484186,-2.6776155717761556
mom15_follow,NY_AM,60,SESS_END,HIGH,IS,813,0.5129151291512916,0.012607626076260762
mom15_follow,NY_AM,60,SESS_END,HIGH,Validation,239,0.4769874476987448,-3.0010460251046025
mom15_follow,NY_AM,60,SESS_END,HIGH,OOS,153,0.45098039215686275,0.5898692810457516
mom15_follow,NY_AM,90,SESS_END,ALL,IS,2378,0.4852817493692178,0.46457106812447435
mom15_follow,NY_AM,90,SESS_END,ALL,Validation,770,0.4896103896103896,-1.5474025974025973
mom15_follow,NY_AM,90,SESS_END,ALL,OOS,412,0.5218446601941747,2.158980582524272
mom15_follow,NY_AM,90,SESS_END,HIGH,IS,809,0.4783683559950556,0.35599505562422745
mom15_follow,NY_AM,90,SESS_END,HIGH,Validation,248,0.4717741935483871,-1.1723790322580645
mom15_follow,NY_AM,90,SESS_END,HIGH,OOS,135,0.48148148148148145,-4.453703703703703
mom15_follow,ASIA,30,H240,ALL,IS,1911,0.4945054945054945,-0.3468079539508111
mom15_follow,ASIA,30,H240,ALL,Validation,760,0.5236842105263158,2.2911184210526314
mom15_follow,ASIA,30,H240,ALL,OOS,410,0.5024390243902439,3.5908536585365853
mom15_follow,ASIA,30,H240,HIGH,IS,679,0.5066273932253313,-0.6498527245949927
mom15_follow,ASIA,30,H240,HIGH,Validation,204,0.45588235294117646,-1.6654411764705883
mom15_follow,ASIA,30,H240,HIGH,OOS,222,0.5180180180180181,13.298423423423424
mom15_follow,ASIA,30,SESS_END,ALL,IS,2022,0.4846686449060336,-0.8144164193867458
mom15_follow,ASIA,30,SESS_END,ALL,Validation,760,0.5289473684210526,2.1799342105263158
mom15_follow,ASIA,30,SESS_END,ALL,OOS,411,0.5182481751824818,6.0273722627737225
mom15_follow,ASIA,30,SESS_END,HIGH,IS,693,0.4805194805194805,0.015873015873015872
mom15_follow,ASIA,30,SESS_END,HIGH,Validation,204,0.5245098039215687,0.26838235294117646
mom15_follow,ASIA,30,SESS_END,HIGH,OOS,223,0.547085201793722,20.44730941704036
mom15_follow,ASIA,60,H240,ALL,IS,1771,0.48616600790513836,-1.7298136645962734
mom15_follow,ASIA,60,H240,ALL,Validation,758,0.5197889182058048,3.990765171503958
mom15_follow,ASIA,60,H240,ALL,OOS,405,0.5037037037037037,-3.569753086419753
mom15_follow,ASIA,60,H240,HIGH,IS,624,0.483974358974359,-3.4587339743589745
mom15_follow,ASIA,60,H240,HIGH,Validation,181,0.569060773480663,13.46132596685083
mom15_follow,ASIA,60,H240,HIGH,OOS,204,0.4852941176470588,-4.829656862745098
mom15_follow,ASIA,60,SESS_END,ALL,IS,1885,0.4779840848806366,-1.9240053050397878
mom15_follow,ASIA,60,SESS_END,ALL,Validation,758,0.5197889182058048,5.768799472295514
mom15_follow,ASIA,60,SESS_END,ALL,OOS,406,0.5246305418719212,-4.191502463054187
mom15_follow,ASIA,60,SESS_END,HIGH,IS,650,0.46615384615384614,-3.4753846153846153
mom15_follow,ASIA,60,SESS_END,HIGH,Validation,181,0.5966850828729282,15.850828729281767
mom15_follow,ASIA,60,SESS_END,HIGH,OOS,205,0.526829268292683,-3.771951219512195
mom15_follow,ASIA,90,H240,ALL,IS,1641,0.489945155393053,0.1267519804996953
mom15_follow,ASIA,90,H240,ALL,Validation,757,0.4808454425363276,0.4990092470277411
mom15_follow,ASIA,90,H240,ALL,OOS,402,0.4975124378109453,0.24004975124378108
mom15_follow,ASIA,90,H240,HIGH,IS,573,0.4886561954624782,0.24650959860383945
mom15_follow,ASIA,90,H240,HIGH,Validation,169,0.48520710059171596,5.764792899408284
mom15_follow,ASIA,90,H240,HIGH,OOS,197,0.5025380710659898,2.736040609137056
mom15_follow,ASIA,90,SESS_END,ALL,IS,1738,0.5051783659378596,0.4096662830840046
mom15_follow,ASIA,90,SESS_END,ALL,Validation,757,0.4966974900924703,2.629788639365918
mom15_follow,ASIA,90,SESS_END,ALL,OOS,403,0.511166253101737,-1.6941687344913152
mom15_follow,ASIA,90,SESS_END,HIGH,IS,589,0.5110356536502547,0.6727504244482173
mom15_follow,ASIA,90,SESS_END,HIGH,Validation,169,0.514792899408284,11.930473372781066
mom15_follow,ASIA,90,SESS_END,HIGH,OOS,198,0.5353535353535354,1.0858585858585859
mom15_follow,ASIA,120,H240,ALL,IS,2077,0.4872412132883967,-0.0137217140105922
mom15_follow,ASIA,120,H240,ALL,Validation,758,0.46174142480211083,-0.9808707124010554
mom15_follow,ASIA,120,H240,ALL,OOS,410,0.524390243902439,6.478658536585366
mom15_follow,ASIA,120,H240,HIGH,IS,715,0.4965034965034965,1.0188811188811189
mom15_follow,ASIA,120,H240,HIGH,Validation,172,0.46511627906976744,-2.296511627906977
mom15_follow,ASIA,120,H240,HIGH,OOS,193,0.5284974093264249,4.902849740932642
mom15_follow,ASIA,120,SESS_END,ALL,IS,2156,0.4958256029684601,0.3600417439703154
mom15_follow,ASIA,120,SESS_END,ALL,Validation,758,0.47229551451187335,-1.6157651715039578
mom15_follow,ASIA,120,SESS_END,ALL,OOS,411,0.537712895377129,6.750608272506082
mom15_follow,ASIA,120,SESS_END,HIGH,IS,741,0.4939271255060729,0.5226045883940621
mom15_follow,ASIA,120,SESS_END,HIGH,Validation,172,0.47093023255813954,-2.667151162790698
mom15_follow,ASIA,120,SESS_END,HIGH,OOS,194,0.5670103092783505,10.407216494845361
mom15_follow,ASIA,180,H240,ALL,IS,1941,0.4951056156620299,-0.3746780010303967
mom15_follow,ASIA,180,H240,ALL,Validation,766,0.48433420365535246,-0.08159268929503917
mom15_follow,ASIA,180,H240,ALL,OOS,405,0.5234567901234568,9.54320987654321
mom15_follow,ASIA,180,H240,HIGH,IS,666,0.536036036036036,1.3427177177177176
mom15_follow,ASIA,180,H240,HIGH,Validation,169,0.47928994082840237,1.7337278106508875
mom15_follow,ASIA,180,H240,HIGH,OOS,194,0.5876288659793815,20.475515463917525
mom15_follow,ASIA,180,SESS_END,ALL,IS,2008,0.4895418326693227,-0.4074950199203187
mom15_follow,ASIA,180,SESS_END,ALL,Validation,766,0.5,0.9592036553524804
mom15_follow,ASIA,180,SESS_END,ALL,OOS,406,0.5492610837438424,9.303571428571429
mom15_follow,ASIA,180,SESS_END,HIGH,IS,682,0.501466275659824,-0.17118768328445746
mom15_follow,ASIA,180,SESS_END,HIGH,Validation,169,0.5680473372781065,6.144970414201183
mom15_follow,ASIA,180,SESS_END,HIGH,OOS,195,0.6,17.648717948717948
